text,title,url
,,http://si.ahu.edu.cn/main.htm
,,http://si.ahu.edu.cn/15491/list.htm
,,http://si.ahu.edu.cn/15489/list.htm
,,http://si.ahu.edu.cn/15490/list.htm
,,http://si.ahu.edu.cn/15488/list.htm
,,http://si.ahu.edu.cn/15189/list.htm
,,http://si.ahu.edu.cn/15487/list.htm
,,http://si.ahu.edu.cn/15492/list.htm
,,http://si.ahu.edu.cn/15486/list.htm
,,http://si.ahu.edu.cn/15187/list.htm
,,http://si.ahu.edu.cn/15485/list.htm
,,http://si.ahu.edu.cn/ycbpy/list.htm
,,http://si.ahu.edu.cn/15484/list.htm
,,http://si.ahu.edu.cn/15483/list.htm
,,http://si.ahu.edu.cn/15493/list.htm
,,http://si.ahu.edu.cn/rcpy/list.htm
,,http://si.ahu.edu.cn/xzzq/list.htm
,,http://si.ahu.edu.cn/15497/list.htm
,,http://si.ahu.edu.cn/15499/list.htm
,,http://si.ahu.edu.cn/15498/list.htm
,,http://si.ahu.edu.cn/15496/list.htm
,,http://si.ahu.edu.cn/15495/list.htm
"第一章　总则,第一条,　为了坚持和加强党的全面领导，弘扬,“支部建在连上”光荣传统，落实党要管党、全面从严治党要求，全面提升党支部组织力，强化党支部政治功能，充分发挥党支部战斗堡垒作用，巩固党长期执政的组织基础，根据《中国共产党章程》和有关党内法规，制定本条例。,第二条  ,党支部是党的基础组织，是党组织开展工作的基本单元，是党在社会基层组织中的战斗堡垒，是党的全部工作和战斗力的基础，担负直接教育党员、管理党员、监督党员和组织群众、宣传群众、凝聚群众、服务群众的职责。,第三条,　党支部工作必须遵循以下原则：,（一）坚持以马克思列宁主义、毛泽东思想、邓小平理论、,“三个代表”重要思想、科学发展观、习近平新时代中国特色社会主义思想为指导，遵守党章，加强思想理论武装，坚定理想信念，不忘初心、牢记使命，始终保持先进性和纯洁性。,（二）坚持把党的政治建设摆在首位，牢固树立,“四个意识”，坚定“四个自信”，做到“四个服从”，旗帜鲜明讲政治，坚决维护习近平总书记党中央的核心、全党的核心地位，坚决维护党中央权威和集中统一领导。,（三）坚持践行党的宗旨和群众路线，组织引领党员、群众听党话、跟党走，成为党员、群众的主心骨。,（四）坚持民主集中制，发扬党内民主，尊重党员主体地位，严肃党的纪律，提高解决自身问题的能力，增强生机活力。,（五）坚持围绕中心、服务大局，充分发挥积极性主动性创造性，确保党的路线方针政策和决策部署贯彻落实。,第二章　组织设置,第四条,　党支部设置一般以单位、区域为主，以单独组建为主要方式。企业、农村、机关、学校、科研院所、社区、社会组织、人民解放军和武警部队连（中）队以及其他基层单位，凡是有正式党员,3人以上的，都应当成立党支部。,党支部党员人数一般不超过,50人。,第五条,　结合实际创新党支部设置形式，使党的组织和党的工作全覆盖。,规模较大、跨区域的农民专业合作组织，专业市场、商业街区、商务楼宇等，符合条件的，应当成立党支部。,正式党员不足,3人的单位，应当按照地域相邻、行业相近、规模适当、便于管理的原则，成立联合党支部。联合党支部覆盖单位一般不超过5个。,为期,6个月以上的工程、工作项目等，符合条件的，应当成立党支部。,流动党员较多，工作地或者居住地相对固定集中，应当由流出地党组织商流入地党组织，依托园区、商会、行业协会、驻外地办事机构等成立流动党员党支部。,第六条,　党支部的成立，一般由基层单位提出申请，所在乡镇（街道）或者单位基层党委召开会议研究决定并批复，批复时间一般不超过,1个月。,基层党委审批同意后，基层单位召开党员大会选举产生党支部委员会或者不设委员会的党支部书记、副书记。批复和选举结果由基层党委报上级党委组织部门备案。,根据工作需要，上级党委可以直接作出在基层单位成立党支部的决定。,第七条,　对因党员人数或者所在单位、区域等发生变化，不再符合设立条件的党支部，上级党组织应当及时予以调整或者撤销。,党支部的调整和撤销，一般由党支部报所在乡镇（街道）或者单位基层党委批准，也可以由所在乡镇（街道）或者单位基层党委直接作出决定，并报上级党委组织部门备案。,第八条,　为执行某项任务临时组建的机构，党员组织关系不转接的，经上级党组织批准，可以成立临时党支部。,临时党支部主要组织党员开展政治学习，教育、管理、监督党员，对入党积极分子进行教育培养等，一般不发展党员、处分处置党员，不收缴党费，不选举党代表大会代表和进行换届。,临时党支部书记、副书记和委员由批准其成立的党组织指定。,临时组建的机构撤销后，临时党支部自然撤销。,第三章　基本任务,第九条,　党支部的基本任务是：,（一）宣传和贯彻落实党的理论和路线方针政策，宣传和执行党中央、上级党组织及本党支部的决议。讨论决定或者参与决定本地区本部门本单位重要事项，充分发挥党员先锋模范作用，团结组织群众，努力完成本地区本部门本单位所担负的任务。,（二）组织党员认真学习马克思列宁主义、毛泽东思想、邓小平理论、,“三个代表”重要思想、科学发展观、习近平新时代中国特色社会主义思想，推进“两学一做”学习教育常态化制度化，学习党的路线方针政策和决议，学习党的基本知识，学习科学、文化、法律和业务知识。做好思想政治工作和意识形态工作。,（三）对党员进行教育、管理、监督和服务，突出政治教育，提高党员素质，坚定理想信念，增强党性，严格党的组织生活，开展批评和自我批评，维护和执行党的纪律，监督党员切实履行义务，保障党员的权利不受侵犯。加强和改进流动党员管理。关怀帮扶生活困难党员和老党员。做好党费收缴、使用和管理工作。依规稳妥处置不合格党员。,（四）密切联系群众，向群众宣传党的政策，经常了解群众对党员、党的工作的批评和意见，了解群众诉求，维护群众的正当权利和利益，做好群众的思想政治工作，凝聚广大群众的智慧和力量。领导本地区本部门本单位工会、共青团、妇女组织等群团组织，支持它们依照各自章程独立负责地开展工作。,（五）对要求入党的积极分子进行教育和培养，做好经常性的发展党员工作，把政治标准放在首位，严格程序、严肃纪律，发展政治品质纯洁的党员。发现、培养和推荐党员、群众中间的优秀人才。,（六）监督党员干部和其他任何工作人员严格遵守国家法律法规，严格遵守国家的财政经济法规和人事制度，不得侵占国家、集体和群众的利益。,（七）实事求是对党的建设、党的工作提出意见建议，及时向上级党组织报告重要情况。教育党员、群众自觉抵制不良倾向，坚决同各种违纪违法行为作斗争。,（八）按照规定，向党员、群众通报党的工作情况，公开党内有关事务。,第十条,　不同领域党支部结合实际，分别承担各自不同的重点任务：,（一）村党支部，全面领导隶属本村的各类组织和各项工作，围绕实施乡村振兴战略开展工作，组织带领农民群众发展集体经济，走共同富裕道路，领导村级治理，建设和谐美丽乡村。贫困村党支部应当动员和带领群众，全力打赢脱贫攻坚战。,（二）社区党支部，全面领导隶属本社区的各类组织和各项工作，围绕巩固党在城市执政基础、增进群众福祉开展工作，领导基层社会治理，组织整合辖区资源，服务社区群众、维护和谐稳定、建设美好家园。,（三）国有企业和集体企业中的党支部，保证监督党和国家方针政策的贯彻执行，围绕企业生产经营开展工作，按规定参与企业重大问题的决策，服务改革发展、凝聚职工群众、建设企业文化，创造一流业绩。,（四）高校中的党支部，保证监督党的教育方针贯彻落实，巩固马克思主义在高校意识形态领域的指导地位，加强思想政治引领，筑牢学生理想信念根基，落实立德树人根本任务，保证教学科研管理各项任务完成。,（五）非公有制经济组织中的党支部，引导和监督企业严格遵守国家法律法规，团结凝聚职工群众，依法维护各方合法权益，建设企业先进文化，促进企业健康发展。,（六）社会组织中的党支部，引导和监督社会组织依法执业、诚信从业，教育引导职工群众增强政治认同，引导和支持社会组织有序参与社会治理、提供公共服务、承担社会责任。,（七）事业单位中的党支部，保证监督改革发展正确方向，参与重要决策，服务人才成长，促进事业发展。事业单位中发挥领导作用的党支部，对重大问题进行讨论和作出决定。,（八）各级党和国家机关中的党支部，围绕服务中心、建设队伍开展工作，发挥对党员的教育、管理、监督作用，协助本部门行政负责人完成任务、改进工作。,（九）流动党员党支部，组织流动党员开展政治学习，过好组织生活，进行民主评议，引导党员履行党员义务，行使党员权利，充分发挥作用。对组织关系不在本党支部的流动党员民主评议等情况，应当通报其组织关系所在党支部。,（十）离退休干部职工党支部，宣传执行党的路线方针政策，根据党员实际情况，组织参加学习，开展党的组织生活，听取意见建议，引导他们结合自身实际发挥作用。,第四章　工作机制,第十一条,　党支部党员大会是党支部的议事决策机构，由全体党员参加，一般每季度召开,1次。,党支部党员大会的职权是：听取和审查党支部委员会的工作报告；按照规定开展党支部选举工作，推荐出席上级党代表大会的代表候选人，选举出席上级党代表大会的代表；讨论和表决接收预备党员和预备党员转正、延长预备期或者取消预备党员资格；讨论决定对党员的表彰表扬、组织处置和纪律处分；决定其他重要事项。,村、社区重要事项以及与群众利益密切相关的事项，必须经过党支部党员大会讨论。,党支部党员大会议题提交表决前，应当经过充分讨论。表决必须有半数以上有表决权的党员到会方可进行，赞成人数超过应到会有表决权的党员的半数为通过。,第十二条,　党支部委员会是党支部日常工作的领导机构。,党支部委员会会议一般每月召开,1次，根据需要可以随时召开，对党支部重要工作进行讨论、作出决定等。党支部委员会会议须有半数以上委员到会方可进行。重要事项提交党员大会决定前，一般应当经党支部委员会会议讨论。,第十三条,　党员人数较多或者党员工作地、居住地比较分散的党支部，按照便于组织开展活动原则，应当划分若干党小组，并设立党小组组长。党小组组长由党支部指定，也可以由所在党小组党员推荐产生。,党小组主要落实党支部工作要求，完成党支部安排的任务。,党小组会一般每月召开,1次，组织党员参加政治学习、谈心谈话、开展批评和自我批评等。,第十四条,　党支部党员大会、党支部委员会会议由党支部书记召集并主持。书记不能参加会议的，可以委托副书记或者委员召集并主持。党小组会由党小组组长召集并主持。,第五章　组织生活,第十五条,　党支部应当严格执行党的组织生活制度，经常、认真、严肃地开展批评和自我批评，增强党内政治生活的政治性、时代性、原则性、战斗性。,党员领导干部应当带头参加所在党支部或者党小组组织生活。,第十六条,　党支部应当组织党员按期参加党员大会、党小组会和上党课，定期召开党支部委员会会议。,“三会一课”应当突出政治学习和教育，突出党性锻炼，以“两学一做”为主要内容，结合党员思想和工作实际，确定主题和具体方式，做到形式多样、氛围庄重。,党课应当针对党员思想和工作实际，回应普遍关心的问题，注重身边人讲身边事，增强吸引力感染力。党员领导干部应当定期为基层党员讲党课，党委（党组）书记每年至少讲,1次党课。,党支部每月相对固定,1天开展主题党日，组织党员集中学习、过组织生活、进行民主议事和志愿服务等。主题党日开展前，党支部应当认真研究确定主题和内容；开展后，应当抓好议定事项的组织落实。,对经党组织同意可以不转接组织关系的党员，所在单位党组织可以将其纳入一个党支部或者党小组，参加组织生活。,第十七条,　党支部每年至少召开,1次组织生活会，一般安排在第四季度，也可以根据工作需要随时召开。组织生活会一般以党支部党员大会、党支部委员会会议或者党小组会形式召开。,组织生活会应当确定主题，会前认真学习，谈心谈话，听取意见；会上查摆问题，开展批评和自我批评，明确整改方向；会后制定整改措施，逐一整改落实。,第十八条,　党支部一般每年开展,1次民主评议党员，组织党员对照合格党员标准、对照入党誓词，联系个人实际进行党性分析。,党支部召开党员大会，按照个人自评、党员互评、民主测评的程序，组织党员进行评议。党员人数较多的党支部，个人自评和党员互评可以在党小组范围内进行。党支部委员会会议或者党员大会根据评议情况和党员日常表现情况，提出评定意见。,民主评议党员可以结合组织生活会一并进行。,第十九条,　党支部应当经常开展谈心谈话。党支部委员之间、党支部委员和党员之间、党员和党员之间，每年谈心谈话一般不少于,1次。谈心谈话应当坦诚相见、交流思想、交换意见、帮助提高。,党支部应当注重分析党员思想状况和心理状态。对家庭发生重大变故和出现重大困难、身心健康存在突出问题等情况的党员，党支部书记应当帮助做好心理疏导；对受到处分处置以及有不良反映的党员，党支部书记应当有针对性地做好思想政治工作。,第六章　党支部委员会建设,第二十条,　有正式党员,7人以上的党支部，应当设立党支部委员会。党支部委员会由3至5人组成，一般不超过7人。,党支部委员会设书记和组织委员、宣传委员、纪检委员等，必要时可以设,1名副书记。,正式党员不足,7人的党支部，设1名书记，必要时可以设1名副书记。,第二十一条,　村、社区党支部委员会每届任期,5年，其他基层单位党支部委员会一般每届任期3年。,党支部委员会由党支部党员大会选举产生，党支部书记、副书记一般由党支部委员会会议选举产生，不设委员会的党支部书记、副书记由党支部党员大会选举产生。选出的党支部委员，报上级党组织备案；党支部书记、副书记，报上级党组织批准。党支部书记、副书记、委员出现空缺，应当及时进行补选。确有必要时，上级党组织可以指派党支部书记或者副书记。,建立健全党支部按期换届提醒督促机制。根据党组织隶属关系和干部管理权限，上级党组织对任期届满的党支部，一般提前,6个月以发函或者电话通知等形式，提醒做好换届准备。对需要延期或者提前换届的，应当认真审核、从严把关，延长或者提前期限一般不超过1年。,第二十二条,　党支部书记主持党支部全面工作，督促党支部其他委员履行职责、发挥作用，抓好党支部委员会自身建设，向党支部委员会、党员大会和上级党组织报告工作。,党支部副书记协助党支部书记开展工作。党支部其他委员按照职责分工开展工作。,第二十三条,　党支部书记应当具备良好政治素质，热爱党的工作，具有一定的政策理论水平、组织协调能力和群众工作本领，敢于担当、乐于奉献，带头发挥先锋模范作用，在党员、群众中有较高威信，一般应当具有,1年以上党龄。,第二十四条,　上级党组织应当结合不同领域实际，突出政治标准，按照组织程序，采取多种方式，选拔符合条件的优秀党员担任党支部书记。,村、社区应当注重从带富能力强的村民、复员退伍军人、经商务工人员、乡村教师、乡村医生、社会工作者、大学生村官、退休干部职工等群体中选拔党支部书记。对没有合适人选的，上级党组织可以跨地域或者从机关和企事业单位选派党支部书记。根据工作需要，上级党组织可以选派优秀干部到村、社区担任党支部第一书记，指导、帮助党支部书记开展工作，主要承担建强党支部、推动中心工作、为民办事服务、提升治理水平等职责任务。符合条件的村、社区党支部书记可以通过法定程序担任村民委员会、居民委员会主任。,机关、国有企业、事业单位，党支部书记一般由本部门本单位主要负责人担任，也可以由本部门本单位其他负责人担任。根据工作需要，上级党组织可以选派党员干部担任专职党支部书记。,非公有制经济组织、社会组织，一般从管理层中选任党支部书记，应当注重从业务骨干中选拔党支部书记。没有合适人选的，可以由上级党组织选派党支部书记。,加强党支部书记后备队伍建设，注意发现优秀党员作为党支部书记后备人才培养，建立村、社区等领域党支部书记后备人才库。,第二十五条,　上级党组织应当经常对党支部书记、副书记和其他委员进行培训。,党支部书记培训纳入党员、干部教育培训规划，对新任党支部书记应当进行任职培训。中央组织部组织开展党支部书记示范培训，地方、行业、系统一般根据党组织隶属关系，分层分类开展党支部书记全员轮训。党支部书记每年应当至少参加,1次县级以上党组织举办的集中轮训。注意统筹安排，防止频繁参训，确保党支部书记做好日常工作。,对党支部书记、副书记和其他委员的培训应当突出党的基本理论、基本政策、基本知识及党务工作基本要求，党的优良传统和作风，党规党纪等内容。注重发挥优秀党支部书记传帮带作用。,第二十六条,　注重从优秀村、社区党支部书记中选拔乡镇和街道领导干部，考录公务员和招聘事业单位人员。,培养树立党支部书记先进典型，对优秀党支部书记给予表彰表扬。,第二十七条,　党支部委员会成员应当自觉接受上级党组织和党员、群众监督，加强互相监督。,党支部书记每年应当向上级党组织和党支部党员大会述职，接受评议考核，考核结果作为评先评优、选拔使用的重要依据。,第二十八条,　建立持续整顿软弱涣散党支部工作机制。对不适宜担任党支部书记、副书记和委员职务的，上级党组织应当及时作出调整。对存在换届选举拉票贿选、宗族宗教和黑恶势力干扰渗透等问题的，上级党组织应当及时严肃处理。,第七章　领导和保障,第二十九条,　各级党委（党组）应当把党支部建设作为最重要的基本建设，定期研究讨论、加强领导指导，切实履行主体责任。县级党委每年至少专题研究,1次党支部建设工作。,各级党委（党组）书记应当带头建立党支部工作联系点，带头深入基层调查研究，发现和解决问题，总结推广经验。,第三十条,　党委组织部门应当经常对党支部建设情况进行分析研判，加强分类指导和督促检查，扩大先进党支部增量，提升中间党支部水平，整顿后进党支部。加强党支部标准化、规范化建设。基层党委一般应当配备专兼职组织员，加强对党支部建设的具体指导。,各级党委组织部门应当注意通过党支部了解掌握党员干部日常表现，干部考察应当听取考察对象所在党支部的意见。,村、社区党支部书记纳入县级党委组织部备案管理。,第三十一条,　村、社区党支部工作纳入县级党委巡察监督工作内容。,第三十二条,　抓党支部建设情况应当列入各级党委书记抓基层党建工作述职评议考核的重要内容，作为评判其履行管党治党政治责任情况的重要依据。对抓党支部建设不力、各项工作不落实的，上级党委及其组织部门应当进行约谈。对党支部建设出现严重问题，党员、群众反映强烈的，应当按照规定严肃问责。,第三十三条,　各级党组织应当为党支部开展工作提供必要条件，给予经费保障。增强村、社区党支部运转经费保障能力，落实村、社区党支部书记报酬待遇，并根据当地经济发展水平建立正常增长机制。给予非公有制经济组织和社会组织党支部工作经费支持。加强村、社区和园区等领域基层党组织活动场所建设，积极运用现代技术和信息化手段，充分发挥办公议事、开展党的活动、提供便民服务等综合功能。,县级以上党委管理的党费每年应当按照一定比例下拨到党支部，重点支持贫困村党支部、困难国有企业党支部、非公有制经济组织和社会组织党支部、流动党员党支部、离退休干部职工党支部等开展党的活动。,第八章　附则,第三十四条,　村、社区党的基层委员会、总支部委员会，按照本条例执行。,第三十五条,　中央军事委员会可以根据本条例，制定相关规定。,第三十六条　,本条例由中央组织部负责解释。,第三十七条,　本条例自,2018年10月28日起施行。其他有关党支部的规定与本条例不一致的，按照本条例执行。",《中国共产党支部工作条例（试行）》,http://si.ahu.edu.cn/f2/0d/c15491a193037/page.htm
"根据《安徽大学本科“英才班”拔尖创新人才培养实施方案》及《,2018,年人工智能创新英才班选拔办法》要求，现将,2018,年人工智能创新英才班选拔笔试及面试的相关事宜通知如下：,一、笔试安排,1,、,参加笔试名单,经自愿报名并通过资格初审的同学。具体名单见《2018,年人工智能创新英才班参加笔试同学名单》（附件）。,2,、考场安排,科目,时间,场地,高等数学,2018,年,9,月,8,日,08:00-10:00,龙河校区主教楼,324,龙河校区主教楼,325,磬苑校区博学北楼,A102,英语,2018,年,9,月,8,日,10:20-12:20,龙河校区主教楼,324,龙河校区主教楼,325,磬苑校区博学北楼,A102,3,、请携带本人身份证、学生证前往考场。,二、面试安排,1、,面试学生人数根据笔试成绩按每班规模的1:1.2从高分到低分择优确定。面试名单在,学校主页、教务处主页,、,互联网学院,公布,。,2、,面试内容：（1）英语自我介绍（不超过三分钟）；（2）专家组提问（不超过五分钟）。,3、,面试时间：2018年9月9日 08:30,4、,面试地点：龙河校区主教楼三楼（具体教室见面试通知）,三、结果公布,按笔试成绩和面试成绩之和从高分到低分择优录取。,2018年9月12日,选拔学生名单在学校主页、教务处主页和,互联网,学院主页等处公,示,。,                                                     ,互联网学院,                                    2018年9月6日",关于2018年人工智能创新英才班选拔笔试及面试的通知,http://si.ahu.edu.cn/ce/a0/c15643a183968/page.htm
, 关于2018年人工智能创新英才班选拔面试的通知,http://si.ahu.edu.cn/cf/74/c15643a184180/page.htm
"9月15日下午，法国勃垦第弗朗什孔泰大学校长尼古拉,·,沙耶博士一行来访我院，进行友好交流并商谈合作事宜。安徽大学党委常委、副校长、互联网学院院长薛照明，互联网学院直属党支部书记李服生、常务副院长胡艳军、直属支部副书记韩斌等参加。,会谈在热情友好的氛围中进行，副校长薛照明代表学校对尼古拉,·,沙耶博士一行来访表示欢迎。双方就我院“人工智能创新英才班”学生赴法国交流学习等合作事宜进行了深入商谈，均表示希望通过合作进一步扩大在今后的学生交流学习、学科建设、科研合作等方面的互访交流。,会议结束后，尼古拉,·,沙耶博士一行还参观了龙河校区校园。",法国勃垦第弗朗什孔泰大学校长一行来院协商合作事宜,http://si.ahu.edu.cn/d6/ee/c15643a186094/page.htm
"10月25日上午9点，法国勃艮第弗朗什孔泰大学国际关系主任勒鲁瓦女士来访我院，商议两校合作事宜。安徽大学党委常委、副校长、互联网学院院长薛照明，国际合作与交流处处长齐军，院常务副院长胡艳军、副院长杨勇等参加。,副校长薛照明对勒鲁瓦女士再次来到安徽大学表示热烈的欢迎。双方讨论了我院“人工智能创新英才班”教学内容与赴法学习内容的衔接问题、赴法国交流学习的时间、费用、住宿、语言要求等问题，并进一步细化了合作协议的具体内容。勒鲁瓦女士代表勃艮第弗朗什孔泰大学表达了与安徽大学合作的强烈愿望，希望早日实现学生交流学习、学科建设、科研合作等方面的互访交流。,下午,1,点,，勒鲁瓦女士,于龙河校区生化楼402与,学院,“人工智能创新英才班”学生见面交流,。,会上，齐军,处长向与会成员介绍了赴法,交流,的相关事宜以及互联网学院英才班的开设背景,；,勒鲁瓦女士向大家介绍了七校联盟的办学背景以及学校的学科建设和专业设置，突出介绍了法国办学地的风土人情和历史文化，并欢迎,英才班,学生,一年后,来,法国学习,。,在,交流提问环节中，,2017级,网络工程专业的周文杰同学用一口流利的法文,进行了,自我介绍,，让,现场气氛达到高潮，充分展现了英才班学生较强的学习能力与学院法语教学的良好效果,。,勒鲁瓦女士的此次来访，进一步促进了安徽大学与法国勃艮第弗朗什孔泰大学的合作，,也,提升,了同学们,前往,法国,高校学习交流的兴趣，,是学院人才培养模式改革的一大进展,。",法国勃艮第弗朗什孔泰大学勒鲁瓦女士来学院洽谈合作事宜,http://si.ahu.edu.cn/e0/8a/c15643a188554/page.htm
,,http://si.ahu.edu.cn/15189/list4.htm
,,http://si.ahu.edu.cn/15490/list2.htm
,,http://si.ahu.edu.cn/15189/list2.htm
,,http://si.ahu.edu.cn/15490/list4.htm
"省份,录取人数,最高分,最低分,平均分,省控一本线,安徽,536,590,570,574,496,浙江,15,640,633,635.5,595,山东,13,599,595,596.4,/,江苏,12,374,372,372.7,345,河南,11,594,592,592.6,502,河北,7,611,608,609.6,502,湖南,6,583,581,581.8,500,内蒙古,5,579,576,577.4,477,湖北,5,586,583,584,505,陕西,5,577,576,576.2,468,江西,4,590,587,588,522,山西,4,565,564,564.5,507,辽宁,4,595,594,594.5,/,福建,3,569,566,567.3,493,广西,3,595,594,594.3,509,贵州,3,572,564,567.3,470,广东,3,557,557,557,/,海南,3,688,680,684,/,黑龙江,3,589,588,588.7,477,吉林,3,578,577,577.7,530,甘肃,3,552,551,551.7,470,重庆,2,600,599,599.5,525,天津,2,598,597,597.5,/,云南,2,604,600,602,535,四川,2,633,632,632.5,547",互联网学院2019年各省录取信息,http://si.ahu.edu.cn/2019/0820/c15483a206699/page.htm
,,http://si.ahu.edu.cn/15189/list1.htm
,,http://si.ahu.edu.cn/15189/list3.htm
,,http://si.ahu.edu.cn/15490/list3.htm
,,http://si.ahu.edu.cn/15490/list1.htm
"10月24日下午3点，学院直属党支部在行政南楼301会议室举办党员活动日活动，由李莉萍副教授介绍“新工科”的相关内容。会议由直属党支部书记李服生主持，支部党员参加会议。,会上，李莉萍老师从“新工科”产生的背景、发展历程、发展建设、专业发展等方面展开介绍，并结合互联网学院目前正在申报的数据科学与大数据技术、人工智能、网络空间安全、互联网金融等四个新专业展开探讨，加深了支部党员对“新工科”的理解与认识。,李服生指出，互联网学院旨在培养适应“互联网+”战略发展需要的“一流工程型、创新性、国际化高水平互联网+” “新工科”人才，从召开人才培养方案专家咨询会到申报新专业，再到将互联网学院纳入“双一流”建设、与合肥市及知名企业签订合作协议等，可以看出学校对互联网学院是高度重视的。作为学院教师，应不断了解和探索“新工科”，适应“新工科”专业发展要求，为学院人才培养助力。",学院直属党支部举办“新工科”专题学习会,http://si.ahu.edu.cn/2018/1026/c15490a188548/page.psp
"9,月2,7,日上午,10,点,，学院直属党支部于行政南楼,301,会议室,组织召开“讲忠诚、严纪律、立政德”专题警示教育组织生活会。会议由直属党支部书记李服生主持，支部党员参加了会议。,会上，李服生代表班子报告了,2018,年,以来支部工作开展情况，征求意见和查摆问题情况，并提出下一步整改措施。随后，支部党员围绕政治站位高不高、“两个维护”坚不坚决、“四个意识”牢不牢、作用发挥好不好、自我要求严不严等方面，作了自我对照检查发言，开展批评和自我批评。,李服生指出，此次组织生活会大家政治站位较高，每名党员都本着实事求是、出于公心、坦诚相见的精神，相互交流思想，认真开展批评和自我批评，达到了工作要求和预期效果。并提出了三点意见：一是相互批评不够大胆直接；二是应继续加强理论学习，形成体系化认识，更好地开展学生思想政治教育工作；三是深入学生宿舍、课堂、自习室等，掌握学生动态，扎实推进学院学风建设。",学院直属党支部召开“讲忠诚、严纪律、立政德” 专题警示教育组织生活会,http://si.ahu.edu.cn/2018/0928/c15490a187037/page.psp
,学院召开党支部学习会,http://si.ahu.edu.cn/2017/1018/c15490a186820/page.psp
,学院直属党支部赴金寨开展党性教育活动,http://si.ahu.edu.cn/2017/1030/c15490a186818/page.psp
,学院直属党支部召开“学习贯彻党的十九大精神”专题学习会,http://si.ahu.edu.cn/2017/1103/c15490a186817/page.psp
,,http://jwc.ahu.cn/main/
"为进一步深入学习宣传和贯彻实施宪法，,10,月,24,日下午,4,点，学院直属党支部在行政南楼,301,会议室举办学习宪法专题会。会议由直属党支部书记李服生主持，支部党员参加会议。,会上，李服生传达了《安徽大学关于广泛持久深入推进宪法学习宣传活动的通知》，并与支部党员共同学习讨论了关于宪法修正案“为什么由党中央提出宪法修改建议”等九个方面的解读。他指出宪法学习是支部的一个长期活动，每个人都应尊崇宪法、学习宪法、遵守宪法、维护宪法、运用宪法。,通过学习，支部党员进一步了解了修宪的实践基础和历史背景、修宪的总体要求、遵循原则和具体内容以及修宪的重大意义，再次认识到维护宪法权威的重要性，坚持宪法是国家的根本大法，学法、知法、懂法、守法，大力弘扬宪法精神是我们每一个教育工作者最基本的素养和要求。",学院直属党支部召开宪法学习专题会,http://si.ahu.edu.cn/2018/1026/c15490a188549/page.psp
,习近平十九大报告(全文),http://si.ahu.edu.cn/2017/1019/c15490a186819/page.psp
,,http://jsjjx.ahu.edu.cn/
"3,月,16,日下午，学院直属党支部在,301,会议室召开支部大会，会议由直属党支部书记李服生主持，全体党员参加了此次会议。,会上，李服生传达了学校校园安全稳定工作会议的有关要求，督促党员同志强化思想引领，服务好校园安全稳定大局。,会上，支部研究讨论了《互联网学院直属党支部,2017,年度工作总结》、《互联网学院直属党支部领导班子,2017,年度对照检查材料》、《互联网学院直属党支部,2018,年度工作计划》等文件。李服生指出，,2017,年支部工作主要围绕基层党支部标准化建设和学习宣传贯彻十九大精神展开，,2018,年要以基层党组织标准化建设为抓手，加强理论学习和实践锻炼，努力将支部做优做强。",学院直属党支部召开支部大会,http://si.ahu.edu.cn/2018/0318/c15490a186802/page.psp
"3,月,14,日下午在龙河校区主教学楼东,324,教室，我院入党积极分子培训班举行新学期第一次学习会，本期学习会由我院党支部副书记韩斌老师主讲，团委王银中老师和入党积极分子共同参加了此次学习。,韩书记以《做一个坚定的共产主义者》为主题，从马克思与恩格斯的生平、成就以及伟大品格出发，结合《党章》、《共产主义原理》、《论共产党员的修养》《共产党宣言》等经典著作阐述了共产党的理想信念、中国共产党的性质与历史、中国道路等等。在授课中，韩书记提醒在座同学，成为一名中国共产党员是一个郑重的抉择、是一生的承诺。他指出作为一名入党积极分子到一名合格的中国共产党员除了有许多工作与任务要完成，还要不断提高自己的综合素质。党课以《社会主义有点“潮”》系列短片之《共产党宣言》结尾，让各位入党积极分子更清楚地了解了《共产党宣言》的创作背景，进一步加深了对无产阶级以及共产主义相关的理论知识的理解。,经过此次学习会，入党积极分子们收获颇丰。电子信息类,1,班的李玮同学说道：“这次党课给我留下了非常深刻的印象，犹如醍醐灌顶，韩书记将共产主义理念进行了深刻的分析，联系实际，通俗易懂；在说到‘先进性’时，书记拿我们自身举例，作为入党积极分子，如果在平时学习生活中，不能端正学习态度，提升素养，那么就不能满足‘先进’一词，这让我认识到了新学期得有所改变，学习不能松懈,。”",学院入党积极分子集中学习《做一个坚定的共产主义者》,http://si.ahu.edu.cn/2018/0318/c15490a186803/page.psp
,师生共同学宪法   尊崇拥护守宪法——互联网学院直属党支部党员活动日开展学习宪法活动,http://si.ahu.edu.cn/2018/0320/c15490a186801/page.psp
,学院直属党支部组织学习《中国共产党第十九届中央委员会第三次全体会议公报》、《中国共产党中央委员会关于修改宪法部分内容的建议》,http://si.ahu.edu.cn/2018/0306/c15490a186804/page.psp
,学院直属党支部召开学习会,http://si.ahu.edu.cn/2018/0506/c15490a186798/page.psp
,学院直属党支部赴蜀山烈士陵园开展党员活动日活动,http://si.ahu.edu.cn/2018/0408/c15490a186799/page.psp
,学院直属党支部召开组织生活会,http://si.ahu.edu.cn/2018/0328/c15490a186800/page.psp
,,http://101.76.160.28:8001/cas/login?service=http://openlearning.ahu.edu.cn/
,学院直属党支部召开习近平总书记重要讲话精神专题学习会,http://si.ahu.edu.cn/2018/0525/c15490a186795/page.psp
,我院直属党支部与三里庵街道龙河路社居委洽谈合作事宜,http://si.ahu.edu.cn/2018/0516/c15490a186796/page.psp
,院直属党支部赴省党风廉政教育基地参观学习,http://si.ahu.edu.cn/2018/0510/c15490a186797/page.psp
,重点推荐,http://www.icourses.cn/home/
"8,月,29,日下午，学院直属党支部在行政南楼,301,会议室组织学习习近平在全国宣传思想工作会议上的重要讲话精神，会议由直属党支部书记李服生主持，支部全体党员参加了会议。,会上，支部党员学习了习近平在全国宣传思想工作会议上的主要讲话内容，并讨论了人民日报评论员文章“把‘九个坚持’作为根本遵循”，新华社社论“培养担当民族复兴大任的时代新人”、“把握根本遵循，肩负使命任务”等三篇文章，深刻领悟习近平总书记的重要讲话精神。,通过此次学习，支部党员一致认为，在今后的工作中继续做好学生思想的引导工作，增强做好意识形态工作的自觉性和主动性，坚持立德树人，提高政治站位，强化责任意识，不忘初心，牢记使命，为培养担当民族复兴大任的时代新人贡献出自己的力量。",学院直属党支部组织学习习近平在全国宣传思想工作会议上的重要讲话精神,http://si.ahu.edu.cn/2018/0904/c15490a186787/page.htm
,学院直属党支部开展纪念建党97周年主题党日活动,http://si.ahu.edu.cn/2018/0705/c15490a186791/page.psp
,迎七一，唱红歌：学院直属党支部与龙河路社区党委共同举办红歌会,http://si.ahu.edu.cn/2018/0621/c15490a186792/page.psp
,学院直属党支部与省水上运动管理中心党总支签订“结对共建”协议,http://si.ahu.edu.cn/2018/0614/c15490a186793/page.psp
,学院直属党支部赴刘铭传故居开展党员活动日活动,http://si.ahu.edu.cn/2018/0614/c15490a186794/page.psp
"9,月,27,日上午,9,点，学院直属党支部在行政南楼,301,会议室召开专题学习会，传达学习全国教育大会上习近平总书记重要讲话精神。会议由直属党支部书记李服生主持，支部党员参加了会议。,会上，支部党员认真学习了习近平总书记在全国教育大会上讲话的主要内容，并讨论了人民日报评论员文章“牢牢把握教育改革发展的‘九个坚持’”、“全力培养社会主义建设者和接班人”、“建设高素质专业化教师队伍”等文章，深刻领悟全国教育大会精神。,李服生指出，支部党员应从思想上深刻理解和把握习近平总书记重要讲话精神，并在日常工作中牢记总书记的嘱托，做到“九个坚持”和“六个下功夫”，加强自身建设，提高师德素养，争做“四有好老师”，做好“四个引路人”，努力培养德智体美劳全面发展的社会主义建设者和接班人。",学院直属党支部召开学习全国教育大会精神专题会,http://si.ahu.edu.cn/2018/0928/c15490a187036/page.htm
"为深入学习贯彻《中国共产党纪律处分条例》（以下简称《条例》），,11,月,14,日下午,3,点，学院直属党支部于行政南楼,301,会议室举办专题学习会，由直属党支部书记李服生为支部党员解读《条例》相关内容。,会上，李服生从“把习近平新时代中国特色社会主义思想写入指导思想”、“两个‘坚决维护’确保党中央权威和集中统一领导”、“‘四个意识’筑牢思想防线”、“突出监督执纪的‘靶心’”等九个方面进行了解读，并介绍了此次修订《条例》的重大意义。,随后，支部党员学习讨论了“始终把党的政治建设摆在首位——从《中国共产党纪律处分条例》看提高纪律建设的政治性”、“着力体现新时代新使命新要求——从《中国共产党纪律处分条例》看提高纪律建设的时代性”、“坚持问题导向 扎紧制度篱笆——从《中国共产党纪律处分条例》看提高纪律建设的针对性”等三篇文章，进一步加深了对《条例》内容的理解和认知。,新修订的《条例》相比原条例新增11,条，修改,65,条，整合了,2,条。李服生指出，全体党员都应认真学习《条例》原文，自觉维护纪律的严肃性和权威性，使纪律真正转化为日常习惯和自觉遵循，在遵守《条例》上追求高标准，在严守《条例》上远离违纪红线。",学院直属党支部召开《中国共产党纪律处分条例》学习会,http://si.ahu.edu.cn/2018/1116/c15490a190132/page.htm
"8,月,27,日上午，学院直属党支部在行政南楼,301,会议室召开“学习党章党规党纪”专题学习会，会议由直属党支部书记李服生主持，支部领导班子成员参与会议。,会上，李服生带领支部党员学习了《中国共产党问责条例》、《中国共产党廉洁自律准则》及中国共产党章程中“党的纪律”内容，强调作为党员领导干部，要牢固树立政治意识、大局意识、核心意识、看齐意识，继续发扬党的优良传统和作风，廉洁自律、接受监督，立足本职岗位，做到忠诚干净担当。,会上，李服生传达了校党委《关于在“讲忠诚、严纪律、立政德”专题警示教育中认真开好专题民主生活会的通知》文件精神，要求班子成员思想上高度重视此次民主生活会，实事求是撰写对照检查材料，深刻反思、引以为戒，以提升工作效率和工作水平。",学院直属党支部召开“党章党规党纪”专题学习会,http://si.ahu.edu.cn/2018/0831/c15490a186790/page.psp
"根据校党委统一部署，8,月,29,日下午互联网学院直属党支部组织召开“讲忠诚、严纪律、立政德”专题警示教育民主生活会。第一督导组组长、校纪委副书记、纪检监察室主任祝吉太到会指导。会议由互联网学院直属党支部书记李服生主持，支部班子成员到场参加，学院常务副院长胡艳军列席本次会议。,会上，院直属党支部书记李服生、副院长杨勇、副书记韩斌依次作了自我对照检查发言，开展批评和自我批评，并作出回应表态。,祝吉太对班子成员发言进行点评，指出本次民主生活会准备充分、查找问题实事求是、批评较为坦诚，会议开得很有质量，达到了工作预期目标。并提出了四点意见：一是会前准备可以更主动些，学院领取材料较迟；二是查找问题、自我剖析可以更深入些，从细从小、举一反三；三是开展批评“辣味”可以更浓些；四是整改措施需从事业发展、初心使命担当等方面具体落实，进而推进工作。,李服生表示，院领导班子会对督导组提出的要求进行全面梳理，认真整改落实，在初心使命、责任担当、能力提升、创新发展上都将要有新作为、新气象，努力开创新局面。",学院直属党支部召开“讲忠诚、严纪律、立政德”专题警示教育民主生活会,http://si.ahu.edu.cn/2018/0831/c15490a186788/page.psp
"1,月,2,日下午，学院直属党支部于行政南楼,306,会议室举办支部活动，由院直属党支部副书记韩斌主持，支部党员参加会议。,会上，支部党员学习了习近平总书记在庆祝改革开放40,周年大会上的讲话精神，并讨论了讲话的要点内容。同时，支部党员学习了人民日报“在新时代创造新的更大奇迹”、“伟大的觉醒 伟大的革命”、“铸就中华民族伟大复兴的里程碑”等文章，深刻感受改革开放四十年来祖国取得的伟大飞跃，进一步坚定理想信念，不忘初心、继续前进。,接着，韩斌书记传达了学校第八次党代会2018,年年会的会议精神，指出：所有师生都应在会议精神的指引下，做好自己的本职工作，学院全体师生心往一处想、劲往一处使，互联学院在大家的共同努力下，将会越来越好。",学院直属党支部举办支部活动,http://si.ahu.edu.cn/2019/0104/c15490a194593/page.htm
"互联网学院全体师生：,根据省纪委机关、省委组织部《关于认真开好2018,年度县以上党和国家机关党员领导干部民主生活会的通知》（皖组通字〔,2018,〕,57,号）和学校《,关于开好我校2018,年度党员领导人员民主生活会的通知,》（,校党字〔2019,〕,5,号）精神，为了切实查摆互联网学院领导班子及成员存在的问题，提高本次民主生活会成效，现征求学院领导班子及成员在思想政治、精神状态、工作作风等方面的意见建议。,请各位老师和同学提出意见建议，填写《安徽大学互联网学院领导班子征求意见建议表》（附件），于1,月,28,日（周一）前反馈至学院直属党支部（联系人：冯雅晴，邮箱：,3150337995@qq.com,）。,感谢您的配合与支持！,                                                                      ,互联网学院直属党支部,                                        2019,年,1,月,23,日",关于互联网学院领导班子及成员2018年度民主生活会征求意见的通知,http://si.ahu.edu.cn/2019/0123/c15490a195257/page.htm
"根据校党委统一部署，,3月4日上午互联网学院直属党支部组织召开了2018年度党员领导人员民主生活会。安徽大学党委常委、副校长、互联网学院院长薛照明，第三督导组成员、校财务处处长刘静到会指导。会议由互联网学院直属党支部书记李服生主持，支部班子成员到场参加，学院常务副院长胡艳军列席本次会议。,会上，李服生书记代表班子作对照检查，从思想政治、精神状态、工作作风等方面查摆了领导班子工作中存在的主要问题，剖析了问题存在的原因并提出整改措施。之后李服生书记、杨勇副院长、韩斌副书记依次作了自我对照检查发言，开展批评和自我批评，并作出回应表态。,刘静处长对班子成员发言进行点评，指出此次民主生活会会前准备充分、对照检查材料分析透彻；会议期间直奔主题、分析不足较为客观、批评直接到位，会议开得较为成功；希望会后按照要求，将材料充实完善，报送至学校，在以后的工作中创新工作方法、改进工作方式，共同将互联网学院建好。,薛校长指出，此次会议开得很有质量，达到了工作预期目标，同时对班子在学院宣传工作、学风建设、防范化解重大风险等方面提出新的要求。他强调，面对新学院、新事业，班子应共同谋划、团结一致，共同把事情做好。,李服生表示，会后将认真梳理问题、整理材料，形成整改清单，不断取得解决问题的实际效果。",学院直属党支部召开2018年度党员领导人员民主生活会,http://si.ahu.edu.cn/2019/0305/c15490a196177/page.htm
"2,月,27,日下午，学院直属党支部于行政南楼,306,会议室举办支部活动，由院直属党支部副书记韩斌主持，支部党员参加会议。,会上，支部党员学习了习近平总书记在中央政治局民主生活会上的重要讲话精神。会议指出，此次,中央政治局民主生活会为各级党组织召开民主生活会带了好头、立了标杆、做了表率，我们应当树牢“四个意识”、坚定“四个自信”、坚决做到“两个维护”，从自身实际出发，将党中央决策部署落实到实际中去。,会上，就学院领导班子及成员在思想政治、精神状态、工作作风等方面再次征求了师生的意见建议，以提高本次民主生活会的成效。,随后，与会党员共同学习了《中国共产党第十九届中央纪律检查委员会第三次全体会议公报》。",学院直属党支部学习习近平总书记在中央政治局民主生活会上的重要讲话精神,http://si.ahu.edu.cn/2019/0301/c15490a195968/page.htm
"8,月,29,日下午，学院直属党支部在行政南楼,301,会议室举办学习新修订的《中国共产党纪律处分条例》主题“党员活动日”活动，会议由直属党支部书记李服生主持，支部全体党员参加了会议。,会上，支部党员共同学习讨论了新修订的《中国共产党纪律处分条例》，进一步熟悉和掌握《中国共产党纪律处分条例》的主要内容和重大意义。李服生指出，支部党员要牢固树立党章党规党纪意识，自觉做到守纪律、讲规矩，知敬畏、存戒惧，发挥党员的先锋模范作用。,与会人员纷纷表示，《中国共产党纪律处分条例》是大家必须严格遵守的“铁律”、不可碰触的“红线”，更加认识到了党风廉政建设的重要意义，将在今后工作生活中，常怀律己之心，时刻牢记党的纪律，保持共产党员的先进性和纯洁性，认认真真做好自己的本职工作。",学院直属党支部开展“党员活动日”活动,http://si.ahu.edu.cn/2018/0831/c15490a186789/page.psp
,【第6期党员发展对象培训班】不忘初心，牢记使命，做合格共产党员,http://si.ahu.edu.cn/2019/0513/c15490a201807/page.htm
"3月20日下午3点，学院直属党支部于行政南楼306会议室举办了2018年度组织生活会，并进行了党员民主评议和专题学习。会议由院直属党支部副书记韩斌主持，支部党员参加会议。,会上，韩斌传达了校党委《关于组织召开2018年度组织生活会和开展民主评议党员的通知》，并代表党支部委员会向党员大会述职，汇报了支部2018年工作的开展情况、存在的问题、问题产生的原因及整改措施。,随后，支部党员依次进行对照检查，从认真学习贯彻习近平新时代中国特色社会主义思想，树牢“四个意识”、坚定“四个自信”、坚决做到“两个维护”和了解、参与、服务学校“双一流”建设等方面，查找差距和不足，并进行批评与自我批评。接着，支部按照要求，对党员进行了民主测评。,会议最后，支部党员共同讨论学习了全国两会精神和习近平总书记在学校思想政治理论课教师座谈会上的重要讲话精神。韩斌指出，我们要认真学习领会习近平总书记的重要讲话精神，所有师生党员都应在“三全育人”体系中发挥作用，在人才培养中将培育和践行社会主义核心价值观、创新创业教育贯穿全过程，为培养德智体美劳全面发展的社会主义建设者和接班人贡献力量。",学院直属党支部召开2018年度组织生活会并开展民主评议党员,http://si.ahu.edu.cn/2019/0321/c15490a196954/page.htm
"11,月,16,日下午，学院直属党支部赴共建单位省水上运动管理中心参加党课学习，此次党课主题为“坚定不移推进全面从严治党”，安徽省体育局副局长陈海军作报告。此次活动由省水上运动管理中心党总支书记沈洪主持。,陈海军从新时代坚持从严治党的意义、深刻理解和把握新时代党的建设的总要求、坚持以党的政治建设为统领等方面展开，并介绍了以全面从严治党的新成效推动各项工作取得的新进展，指出应毫不动摇坚持党的领导，牢固树立全面从严治党永远在路上的理念。,沈洪对支部一行表示欢迎，并期待双方能进一步加强党建合作，落实党建工作。",党员活动日—学院直属党支部赴省水上运动管理中心参加党课学习,http://si.ahu.edu.cn/2018/1119/c15490a190291/page.psp
"4月10日下午，学院直属党支部于行政南楼306会议室举办支部学习会，进行主题为“解读十九大报告”的党课学习。会议由院直属党支部书记李服生主持，支部党员参加会议。,会上，支部党员从十九大概况、十九大报告重点解读、新举措新提法、贯彻新时代新要求等四个方面再次学习了十九大报告，进一步推动学习贯彻习近平新时代中国特色社会主义思想和十九大精神往实里走、往深里走、往心里走。,会上，李服生书记强调，支部党员要学好用好“学习强国”学习平台，提升政治素养，树牢“四个意识”、坚定“四个自信”，坚决做到“两个维护”。",学院直属党支部举办支部学习会,http://si.ahu.edu.cn/2019/0411/c15490a198133/page.htm
"根据发展对象培训班教学计划安排，,11月24日下午，学院,第五期,发展对象,在党务秘书冯雅晴和辅导员刘芳源的带领下，前往,渡江战役纪念馆,参观学习，追忆波澜壮阔的革命历程，缅怀革命先烈的丰功伟绩，感悟红色经典的时代内涵。,渡江战役纪念馆分为六个展厅，,入口处是巨幅“胜利之师”浮雕，,馆内,的半景画馆,，反映,了,惊心动魄的渡江场景，让,师生感受到了,渡江战役的全过程。,一千余件珍贵的革命文物，,陈述着革命先烈的光辉历史，不禁让人肃然起敬。,通过这次渡江战役纪念馆之行，同学们学习了渡江战役的历史知识，增强了爱国情怀,，进一步,坚定,了,理想信念，志存高远,、,脚踏实地，在实现中国梦的道路上不断前行,，,勇做时代的弄潮儿。",学院组织第五期发展对象前往渡江战役纪念馆参观学习,http://si.ahu.edu.cn/2018/1126/c15490a191056/page.psp
"为深入领会《中国共产党支部工作条例（试行）》（以下简称《条例》）精神，全面掌握《条例》内容，根据学校安排，,12,月,5,日下午，学院直属党支部于行政南楼,306,举办主题党日活动，围绕《条例》内容展开学习讨论。活动由直属党支部书记李服生主持，支部全体党员参加活动。,会上，直属党支部副书记韩斌带领支部党员学习了《条例》原文；李服生为大家讲授了《条例》制定的背景、主要内容、重大意义等，他指出《条例》是支部开展工作的基本遵循，随着学院党员人数的增加，将来支部的数量也会增加，《条例》是支部开展工作的指导性文件，每个党员都应认真学习、贯彻落实。,接着，支部党员学习讨论了中组部负责人关于《条例》的解读，及人民日报“建设坚强战斗堡垒的制度保证”等文章，并分享学习体会。",学院直属党支部举办学习贯彻《中国共产党支部工作条例（试行）》主题党日活动,http://si.ahu.edu.cn/2018/1206/c15490a192068/page.psp
"互联网学院全体师生：,根据《关于开展“严规矩、强监督、转作风”集中整治形式主义官僚主义专项行动的实施方案》,（校党字〔,2019,〕,10,号）,文件要求，精准聚焦中央脱贫攻坚专项巡视省委反馈意见指出的形式主义、官僚主义“多、推、虚、浮” 问题的14种表现，现围绕党的建设、教育教学、科学研究、人才培养、教育扶贫、服务师生员工等方面向广大师生征求意见建议。,请各位老师和同学提出宝贵意见，填写《集中整治形式主义官僚主义专项行动征求意见表》（附件），于3月20日（周三）前反馈至学院直属党支部（联系人：冯雅晴，邮箱：,3150337995@qq.com,）。,感谢您的配合与支持！,  ,附件：集中整治形式主义官僚主义专项行动征求意见表.docx,                                                     互联网学院直属党支部,                                                       2019年3月13日",互联网学院关于开展“严规矩、强监督、转作风”集中整治形式主义官僚主义专项行动征求意见的通知,http://si.ahu.edu.cn/2019/0313/c15490a196500/page.htm
,【第6期党员发展对象培训班】入党者必须解决的三个问题,http://si.ahu.edu.cn/2019/0513/c15490a201813/page.htm
"12,月,26,日下午，学院直属党支部在行政南楼,306,会议室召开支部大会，会议由直属党支部副书记韩斌主持。,大会听取了李自刚等五名发展对象关于个人情况的汇报，同时与会党员进行评议并发表意见。大会讨论同意了接收李自刚、姜海波、何寅坤、张晓康、孙晓锋为预备党员的决议。,韩斌老师对新发展的预备党员表示肯定，并希望同学们在今后的学习生活中严格要求自己，努力发挥党员的先锋模范作用。",学院直属党支部召开支部大会,http://si.ahu.edu.cn/2018/1228/c15490a194317/page.psp
,【第6期党员发展对象培训班】从学“习”开始,http://si.ahu.edu.cn/2019/0513/c15490a201814/page.htm
,学院直属党支部赴长丰县杨庙镇开展主题党日活动,http://si.ahu.edu.cn/2019/0523/c15490a202749/page.htm
"9,月,12,日上午，学院直属党支部在行政南楼,301,会议室举办了“党员活动日”活动，主题为学习习近平总书记关于“立政德”方面的重要论述，活动由直属党支部书记李服生主持，支部全体党员参加了活动。,习近平总书记指出，领导干部要讲政德，政德是整个社会道德建设的风向标，立政德，就要明大德、守公德、严私德。支部党员认真学习并讨论了习近平总书记关于“立政德”方面的论述原文，认识到不仅领导干部要讲政德，以德修身、以德立威、以德服众，作为一名普通党员，也应持续加强自我修养，树立良好道德风尚，永葆共产党人的政治本色。,会上，李服生传达了“关于印发《安徽大学院（系）党政联席会议制度实施办法》的通知”及“关于印发《中共安徽大学委员会院（系）级单位党组织议事规则》的通知”文件精神，指出学院直属党支部要严格落实校党委相关工作要求，进一步推进基层党组织标准化建设。",学院直属党支部开展“党员活动日”活动,http://si.ahu.edu.cn/2018/0913/c15490a186786/page.psp
,【第6期党员发展对象培训班】中国共产党先进性的历史解读,http://si.ahu.edu.cn/2019/0524/c15490a202803/page.htm
,【第6期党员发展对象培训班】学习《中国共产党章程》,http://si.ahu.edu.cn/2019/0530/c15490a203216/page.htm
,学院直属党支部赴凤阳县小岗村开展主题党日活动,http://si.ahu.edu.cn/2019/0613/c15490a204144/page.htm
,互联网学院关于确定程瑶等师生为入党积极分子的公示,http://si.ahu.edu.cn/2017/1106/c15490a186816/page.psp
"11,月,15,日下午，我院在逸夫图书馆第二会议厅举行学院首届入党积极分子培训班开班典礼。参加本次开班仪式的有学院直属党支部书记李服生老师，团委王银中老师，辅导员刘芳源、冯雅晴、宋航及,100,名新生入党积极分子，开班典礼由王银中主持。,开班典礼在庄严的国歌声中拉开序幕，李服生书记致辞。他首先对参加本期培训班的学员表示热烈欢迎和衷心祝贺，他指出入党积极分子参加集中学习培训，是每一位要求进步的学生和教职员工的必修课程。同时，他对学员提出三点要求：要端正态度，认识参加培训的重要意义；要努力学习，面向未来，接受党组织的考验，提高思想认识，树立正确的世界观、价值观、人生观；要以党员的标准严格要求自己，发挥先锋模范带头作用，向党组织靠拢，时刻提醒、严格要求自己，立足更高的起点，学习党章、党规、习近平总书记系列讲话，查找自身不足。,计算机,2,班吴雅文同学作为学员代表上台发言，代表全体入党积极分子表明要在思想上、作风上、行动上自觉接受党的培训，从而更全面地了解党、认识党。,接下来团委王银中老师宣布了培训班的规章制度，同时对同学们提出几点纪律要求，提出要做到认真听讲，勤做笔记，积极参与，勇于实践，阅读思考，作好总结。,此次入党积极分子培训班，不仅拉开了学院入党培训的序幕，也使同学们心中的理想与目标更加清晰明确，在建设新时代中国特色社会主义事业中努力奋斗。,（ 文  汪丽辰  图  叶瑱 孙良启）", 我院首届入党积极分子培训班顺利开班,http://si.ahu.edu.cn/2017/1117/c15490a186815/page.psp
,学院直属党支部开展“深入学习贯彻党的十九大精神”主题党日活动,http://si.ahu.edu.cn/2017/1208/c15490a186811/page.psp
,学院直属党支部开展十九大精神专题学习会,http://si.ahu.edu.cn/2017/1204/c15490a186813/page.psp
,学院入党积极分子培训班第一课顺利开课,http://si.ahu.edu.cn/2017/1124/c15490a186814/page.psp
,关于互联网学院2017年度民主生活会征求意见的通知,http://si.ahu.edu.cn/2018/0111/c15490a186806/page.psp
,党委宣传部副部长钱宝平赴我院进行十九大精神宣讲,http://si.ahu.edu.cn/2017/1215/c15490a186810/page.psp
,学院直属党支部组织召开学生党员座谈会,http://si.ahu.edu.cn/2019/0702/c15490a205113/page.htm
,学院直属党支部召开支部大会,http://si.ahu.edu.cn/2019/0621/c15490a204555/page.htm
,学院直属党支部召开支部大会,http://si.ahu.edu.cn/2019/0708/c15490a205565/page.htm
,学院直属党支部开展“党员活动日”活动,http://si.ahu.edu.cn/2018/0110/c15490a186807/page.psp
,学院直属党支部召开学生工作专题会议,http://si.ahu.edu.cn/2018/0108/c15490a186809/page.psp
,学院直属党支部开展“不忘初心、牢记使命”主题教育集体学习,http://si.ahu.edu.cn/2019/0927/c15490a209873/page.htm
,学院直属党支部召开对照党章党规找差距专题组织生活会,http://si.ahu.edu.cn/2019/0918/c15490a209264/page.htm
,学院直属党支部举办“不忘初心 牢记使命”主题教育活动,http://si.ahu.edu.cn/2019/1024/c15490a211628/page.htm
,互联网学院关于开展“不忘初心、牢记使命”主题教育征求意见建议的通知,http://si.ahu.edu.cn/2019/1025/c15490a211752/page.htm
,学院直属党支部举办“不忘初心 牢记使命”主题教育学习体会交流会,http://si.ahu.edu.cn/2019/1108/c15490a213104/page.htm
,学院直属党支部副书记韩斌讲授“不忘初心 牢记使命”主题教育专题党课,http://si.ahu.edu.cn/2019/1108/c15490a213105/page.htm
,【第7期党员发展对象培训班】培训班开班典礼及第一场党课顺利举行,http://si.ahu.edu.cn/2019/1108/c15490a213108/page.htm
,学院直属党支部召开“不忘初心、牢记使命”主题教育对照党章党规找差距专题会议,http://si.ahu.edu.cn/2019/1114/c15490a213500/page.htm
,学院举行入党积极分子“学习宣传贯彻十九大精神”主题报告会,http://si.ahu.edu.cn/2017/1204/c15490a186812/page.psp
,,http://si.ahu.edu.cn/xnzy/list.htm
"本网讯,（通讯员：,金玉婷,、,姜剑阳,）,11月6日中午，安徽大学“三好杯”足球赛第二场在磬苑校区南体育场展开激烈角逐。经过一番比拼，我院最终与法学院战成平局。,绿草如茵的体育场上，裁判一声令下，比赛拉开了帷幕，面对法学院猛烈的进攻，我院选手没有丝毫畏惧，勇于迎战，但上半场结束，最后因疏于防守，落后法学院一分。暂时的落后没有挫败我院选手们的锐气，他们互相加油鼓励，不气馁，将一时的失意转化为拼搏的动力。下半场比赛开始，我院选手们势如破竹，进击、防守、拼搏、呐喊，尽显互院热血，他们越战越勇，在足球场上划过了一道又一道亮丽的风景线。守门员完美的防守，其他队员精彩的传球，射门，赢得了场边观众的阵阵喝彩。在比赛临近结束的时候，我院选手马海东踢出关键一球，为互院扳回一城，最终以1:1的成绩与法学院战成平局。,赛场即战场，狭路相逢勇者胜，我院选手在比赛中展示出了互院学子们不服输，勇于进取的竞技精神。经过此次比赛，两院选手们付出了汗水，也收获了友谊。期待我院选手们在下次比赛中也能大放异彩，取得好成绩。, , ,（责任编辑：蒋理想）",【三好杯足球赛】我院男足与法学院战平,http://si.ahu.edu.cn/2019/1107/c15190a212958/page.htm
"本网讯,（通讯员：,王若菲,、,程洁莹,、,李清扬,）,1,1,月29日晚,，安徽大学第二十七届文化艺术节项目校园舞林争霸赛在安徽大学磬苑校区,如期,开展,。最终,我院艺术团舞蹈队同学,带来,的集体舞《今日中国，如您所愿》获得,了,三等奖。,我院舞蹈作品《今日中国，如您所愿》以当年开国典礼飞机不够的,情况,为初始背景，通过动人的舞姿，展现出中国航空数十年来发展历程，给大家带来了一场前所未有的视觉盛宴。,舞蹈,演员们,精致的妆容，精美的服饰，精妙的技巧，精彩的表演，赢得了,观众的阵阵掌声,。劈叉、踢腿的动作优美娴熟，芭蕾的元素自然地融合其中，更是通过高难度的托举动作，生动地表现出了飞机腾飞的,情况,。最后，演员们放飞无人机带出飘扬的国旗，瞬间将场内氛围引向高潮。,在激烈的竞争后，我院节目以91.13的高分获得本次舞蹈比赛三等奖。评委老师在点评各个节目时，特别提及互联网学院通过节目将,自身,专业特色充分,地,发挥出,。,尼采曾说过“每一个不曾起舞的日子都是对生命的辜负”。此次舞蹈大赛完美落幕，每一位舞者都值得我们尊敬，我院舞蹈《今日中国，如您所愿》也在每一个互院学子心中珍藏！, , ,（责任编辑：张露晨）",轻舞飞扬，这盛世真的如您所愿！,http://si.ahu.edu.cn/2019/1202/c15190a214656/page.htm
"本网讯,（通讯员：吴一凡、孙智宇）,11月4日下午，“三好杯”男子足球赛在磬苑校区北体育场如期举行，此次比赛由互联网学院对阵新闻传播学院。,  ,随着哨声的吹响，队员们迅速进入状态，势如破竹，率先拿下一分，赢得一片喝彩。新传足球队不敢放松，向我方选手发起猛烈攻势。双方选手你追我赶，不向对手露出一点破绽。秋风习习，天气寒冷，但双方球员们的热情不减，在操场上努力拼搏。借助点球的机会，新传趁机拿到一分。上半场结束，双方以一比一战平。短暂休息后双方队员再次投入赛场，比赛如火如荼的进行，对手步步紧逼抓住我方队员破绽连连进球，比赛停止，最终比分暂停在3：0。,虽然我院队员首战憾负，却并不气馁。“我们的气势还没有打出来”赛后我院守门员董树毅有点遗憾，他说：“虽然开始抢先拿到一球，但后来失误不少，这需要我们后面比赛要注意的”。赛后，球员们互相打气并积极总结错误，相信下次比赛他们能够取得满意成绩！, , ,（责任编辑：张露晨）",【三好杯足球赛】男足首战虽败犹荣,http://si.ahu.edu.cn/2019/1107/c15190a212956/page.htm
"本网讯,（通讯员：,汪勇、白永杭,）,1,1,月1,5,日晚，“阳光青年”礼仪模特大赛在安徽大学磬苑校区大学生活动中心举行。安徽青年模特会长吴丰芳，高级礼仪培,训师,、,著名色彩学家,、,国家,一,级编导范玉琦,，,安徽大学时尚艺术团指导老师刘凯燕,担任此次大赛的评委。互联网学院1,9,级,刘海峰、,孟斐凡,与其他各院系选手一起参与了此次比赛。,比赛共分三个环节。第一环节，选手们神采奕奕，自信潇洒地走在T台上，观众们欢呼雀跃。接踵而来的是第二环节汉服、旗袍、长衫走秀，选手们温文尔雅，举手投足间流露中华古典之美。最后一环是晚礼服走秀，男生西装革领，风度翩翩；女士长裙齐地，风华绝代，,现场尖叫声此起彼伏，延绵不绝。评委们对各个环节的选手表现进行了评价并提出建议。,其中我院刘海峰同学和,孟斐凡,同学大放异彩，相得益彰：在活力装走秀中展现青春风采；汉服、旗袍、长衫走秀中嘴角含笑，温润如玉；晚礼服走秀中一手一足走出端庄恢弘。虽遗憾未获奖，但他们走得自信昂扬，充分展现出互联网学院学子良好的精神风貌。, , ,（责任编辑：蒋理想）",“阳光青年”礼仪模特大赛顺利举行,http://si.ahu.edu.cn/2019/1118/c15190a213676/page.htm
"本网讯,（通讯员：宋风乾、,关韵,、,王晨,）,11月13日下午三点五十分安徽大学“三好杯”足球赛在磬苑校区北体育场顺利举行。此次比赛由互联网学院对阵化学与化工学院，经过一番激烈的比拼，互联网学院以一分之差惜败于化学与化工学院。,赛前，双方球员们紧张备战。虽然气温骤降，但球员们的热情却未减少半分。刚刚开场我院球员就拿到球并展开猛烈进攻，对方球员们也不甘示弱地防守反击。场上的氛围越来越紧张，观众的呐喊声此起彼伏。随着比赛的进行，不断奔跑的球员们大汗淋漓，却没有一个人停下脚步。在激烈的竞争中，化院首先获得一分，但是我院选手无所畏惧，以顽强防守应对对方进攻的同时寻找机会发动反击，双方再次展开激烈的火拼。最后比分定格在0：1，我院以一分之差惜败于化学与化工学院。,此次比赛，我院选手虽然败给了对方选手，但我院球员们精准的传球，守门员漂亮的防守，球员之间默契的配合无不彰显互院男足的风采，弘扬了“更快，更高，更强”的运动精神。到此，我院本次 “三好杯”, ,足球赛的征程落下了帷幕，让我们期待下一次更加精彩地发挥。, , ,（责任编辑：张露晨）",【三好杯足球赛】我院男足惜败于化学与化工学院,http://si.ahu.edu.cn/2019/1114/c15190a213469/page.htm
"本网讯,（通讯员：,金玉婷,）,文化艺术节是安徽大学为丰富学生文体生活而创立的特色主题,系列,活动，创办多年,，涌现出一大批优秀作品，给在校师生呈现一场又一场的视觉盛宴。,十月下旬，互联网学院作为参与单位之一，积极准备相关活动的审批与报送，也在学院内部开展了相关的系列活动，“金话筒”主持人大赛、校园歌手大赛、礼仪模特大赛三项活动的院内初选在金风送爽的秋季陆续开展。秋风过境，黄叶拂帷裳，渐凉的天气浇不灭互院学子们心中热烈的火焰，活动的气氛在同学们的积极参与中持续升温，为十月画下了一个完美的句号。,你登上过无数镁光灯聚焦的舞台吗？你尝试过临场应变时的不慌不忙吗？自我展示时落落大方，随机抽题时沉着应对，两人搭档时互相配合，金话筒主持人大赛为我们展示出了一批具有绝对控场能力的优秀主持人，相信他们能在今后自己热爱的主持道路上持续发光发热。,你听过溪畔潺潺的流水声吗？你见过瀑布飞流直下的壮观景象吗？舒缓与震撼兼具，沁人心脾与跌宕起伏并重。民谣，流行曲，轻音乐，说唱，不同类型，不同风格，在同一个时间，同一个地点交融、碰撞，校园歌手大赛带给听众们的是同样的感动。,你看过泼墨般庄重淡雅的古风吗？你见过浓烈的红裙与飘逸的风衣之间的交织吗？俏皮与明媚，精致与含蓄，活力与跳跃，它们都像是穿过深海三万里的光线，让观众们眼前一亮。这便是礼仪模特大赛的魅力。最后的自由走秀环节，或严肃或诙谐的走秀搭配不同的音乐，让同学们一起沉浸到热烈的气氛中无法自拔。,本次文化艺术节丰富了我院学子的课余生活，提高了互联网学院文化氛围，带动了校园活力，也展现了我院学子的综合素质。互联网文化艺术节系列活动虽已结束，但其留下的回忆在互院学子们的脑海中被深深铭记，并在学院里落下浓墨重彩的一笔，活动时光还在继续，愿我们带着这份美好的记忆，持续前行。, , ,责任编辑：叶瑱",金秋十月，学院陆续开展学生文化艺术节系列活动,http://si.ahu.edu.cn/2019/1118/c15190a213681/page.htm
"本网讯,（通讯员：,白永杭,、,孙智宇,）,2019年12月7日下午，由共青团安徽大学委员会举办，共青团安徽大学外语学院、商学院委员会承办的“花样年华”短剧小品大赛在安徽大学磬苑校区大学生活动中心顺利举行。, ,其中我院小品《大爱无疆》讲述了四位一年多未归的医生的感人事迹，用简短的对话与生动的动作向我们展现了医者“医心医意，大爱无疆”的美德，深深感染了在场的每一位观众。最终，我院小品取得了9.49分的优异成绩，,荣获,三等奖, ,我院的小品演员们表情丰富多彩，人物刻画栩栩如生，我院选手演绎的医生们举手投足间流露着对患者的担心。在最后全体主动留下帮助救治病人的场景更是与前面思念家乡、思念亲人的情景形成了鲜明的对比，展现了医者无私奉献，舍己为人的高贵品质。,俗话说：“台上一分钟，台下十年功”，互联网学院小品演员们此次优异的表现，离不开自身认真的态度和平时刻苦地排练。相信在未来，这种精神会指引着更多互联网学院学子不断前进，取得更加辉煌的成就。",“花样年华”短剧小品大赛，我院荣获三等奖,http://si.ahu.edu.cn/2019/1210/c15190a215679/page.htm
,【第7期党员发展对象培训班】组织观看《榜样4》教育片,http://si.ahu.edu.cn/2019/1114/c15490a213507/page.htm
,下载专区,http://si.ahu.edu.cn/ce/fb/c15477a184059/page.htm
,学院直属党支部举办“不忘初心 牢记使命”主题教育学习体会交流会,http://si.ahu.edu.cn/2019/1120/c15490a213996/page.htm
,学院直属党支部书记李服生讲授“不忘初心 牢记使命”主题教育专题党课,http://si.ahu.edu.cn/2019/1120/c15490a213997/page.htm
,【第7期党员发展对象培训班】 学习党的十九大精神，不忘初心，永远跟党走,http://si.ahu.edu.cn/2019/1125/c15490a214250/page.htm
,【第7期党员发展对象培训班】学习遵守党章，做合格党员,http://si.ahu.edu.cn/2019/1126/c15490a214284/page.htm
,关于拟吸收梁怡晓等20位同志为中共预备党员的公示,http://si.ahu.edu.cn/2019/1211/c15490a215827/page.htm
,安徽大学2018-2019学年校历,http://si.ahu.edu.cn/2018/0824/c9320a183113/page.htm
,安徽大学2017-2018学年校历,http://si.ahu.edu.cn/2017/0908/c9320a66628/page.htm
"一、指导思想和培养目标,安徽大学互联网学院立足合肥市、安徽省重点行业和战略新兴产业发展需求，面向国家“一带一路”战略，以立德树人为根本，践行“至诚至坚，博学笃行”的校训精神，培养具有社会责任感，富于人文情怀、科学精神和国际视野，具备科学基础厚、工程能力强、综合素质高、创新能力突出、适应“互联网,+,”战略发展需要,的“一流工程型、创新性、国际化高水平互联网,+,”,“新工科”人才。,二、培养模式和机制,实施“,233N,”本科人才分层分类培养模式改革，即全面实施“两个贯穿”（把培育和践行社会主义核心价值观、创新创业教育贯穿人才培养全过程）、“三基并重”（知识、能力和素质协调发展）、“三段培养”（通识教育,-,学科基础教育,-,专业教育的三阶段人才培养体系）、“多种类型”（创新型研究人才、卓越工程人才、复合型人才和创业型人才等）的培养模式。,实施文理交融、理工互通、寓教于研、产教融合、校企联合的人才培养机制，根据企业和社会发展的需求确定人才培养方案，突出实践能力、创新创业教育及自主学习意识和能力。积极开展与“一带一路”国外高水平应用型大学联合培养。采用分层分类人才培养：实施“创新型研究人才教育培养计划”，培养能够进入国内外著名高校或科研机构继续深造，具有国际视野和持久竞争力的创新型研究人才和行业领军人才。实施“卓越人才教育培养计划”和“高素质复合型和创业型人才教育培养计划”，培养具有创新能力的行业高级专门人才和适应国家战略和区域经济社会发展需要的高素质应用型人才。,实行通识教育和专业教育相结合的培养制度，按通识教育,-,学科基础教育,-,专业教育的三阶段式培养体系进行培养。三阶段学习过程中进行专业分流。在通识教育模块课程统一设置，通识教育模块课程学习结束后，学生根据自己的学习兴趣和学习成绩选拔进入各专业后两个阶段（学科基础教育,-,专业教育）学习，按照专业培养方案修完规定的全部课程和达到要求，即可从该专业毕业，并授予学士学位。,三、“三段培养”及课程要求,1,．现有的专业按工学（,08,）含电子信息类（,0807,）和计算机类（,0809,）（简称工学），管理学（,12,）含信息管理、电子商务类（,1208,）和物流管理与工程类（,1206,）（简称管理学）两大类专业培养，管理学类可以选修大学物理，其他通识教育模块的课程统一，以便实施文理交融、理工互通和后续专业分流选择。,2,．学生在“三段培养”中，实施课程考试成绩等级制，分为,A,、,B,、,C,、,D ,四等，,A,等比例不超过,20%,。,3,．每一阶段可灵活选择培养类型和专业：,第一阶段通识教育模块课程统一设置，但学生可根据自己下阶段的发展选修课程。,第二阶段学科基础教育模块按照创新型研究人才、卓越型和创业型人才分层分专业设置课程。只要在通识教育阶段选修课程和成绩满足此阶段前续课程要求，学生可选择此阶段的创新研究型、卓越型和创业型及不同专业的培养层次和类型学习。其中选择进入创新研究型人才培养计划，通识教育模块课程成绩需在一级等次。,本阶段结束后，在此阶段在创新型人才培养计划中培养的同学，如成绩在,C,类及以下的，不再在创新型人才培养计划中培养；,第三阶段专业教育模块按照创新型研究人才、卓越型和创业型人才分层分专业设置课程。只要在学科基础通识教育阶段选修课程和成绩满足此阶段前续课程要求，学生可选择此阶段的创新研究型、卓越型和创业型及不同专业的培养层次和类型学习。其中选择进入创新研究型人才培养计划，学科基础教育模块课程成绩需在一级等次。本阶段结束后，达到相应专业培养方案要求，即可从该专业毕业。,4,．修业年限：标准学制四年，弹性学制三～六年。",人才培养简介,http://si.ahu.edu.cn/2017/0905/c9320a66051/page.htm
,学院直属党支部组织召开“不忘初心、牢记使命”主题教育专题组织生活会,http://si.ahu.edu.cn/2019/1213/c15490a215921/page.htm
,安徽大学2019-2020学年校历,http://si.ahu.edu.cn/2019/0830/c9320a207024/page.htm
"本网讯,（通讯员：孙冰雨、视觉效果部）,11月23日上午，安徽大学互联网学院第三届新生运动会在龙河校区操场,正式开幕,。各班同学踏着初冬的暖阳，走过主席台，,以,高昂的口号声展现出,互联网,学子的风采。在精心准备的,艺术团,表演后，,互联网学,院团,委老师,宋航,进行运动会开幕致辞，台下掌声热烈。互联网学院,辅导员老师,冯雅晴,、,郭巧,、,周杨、,王钢,、,孟兰,、,张双赛出席了此次开幕式,。,开幕式结束后，紧接着就开始了激烈的运动赛程。,8：30运动会正式开始，随着发令枪,声,响起，径赛赛场上的运动员们奋力奔跑，大步向前，用挥洒的汗水展现青春的斗志。田赛赛场上，铅球划过的优美弧线绘出青春的蓝图，运动员跳远时的矫捷身姿焕发出青春的活力。在趣味,拔河,竞赛中，各班同学积极参与，践行快乐运动的宗旨,，一起齐心协力争取班级荣誉,。,观众席上，加油声不绝于耳，那一声声的呐喊声喊出了青春蓬勃的朝气。,在,闭幕式中，互联网学院直属党支部副书记,韩斌,老师做总结发言，对所有参赛选手及工作人员的表现予以肯定，并从国家建设和学院建设以及学生自我发展三个角度提出了殷切期盼，,强调,“,我们要,努力培养德智体美劳全面发展的新时代大学生，真正做,社会主义的,合格,建设者和,可靠,接班人。,”赢得了,观众们,阵阵掌声。,互联网学院第三届运动会在西垂的夕阳下落下了帷幕，此次运动会的开展带动了同学们参与体育运动的积极性，激发了同学们的体育热情与拼搏精神，,展现出互联网学院奋发向上的精神力，希望这种更高更快更强的运动精神能够传承并发扬下去。, , ,（责任编辑：李子怡,）",互联网学院第三届田径运动会顺利举行,http://si.ahu.edu.cn/2019/1125/c9326a214240/page.htm
"11月26日上午，学院与合肥高新技术产业开发区管委会人事劳动局联合举办校企对接会。,学院邀请合肥高新技术产业开发区管委会人事劳动局副局长姚迪、人才中心主任马枝青、科大国创软件股份有限公司人力资源部经理曹奇、科大智能科技股份有限公司人力资源部经理张茂林、科大国盾量子技术股份公司人力资源部经理王坤波来院交流探讨校企合作事宜。,学院直属党支部副书记韩斌主持对接会。学院副院长程志友、贾兆红向来宾介绍学院教学、师资、科研、科技活动等情况。三家企业人力资源部经理介绍了各自企业情况及可能的合作方式。院长梁栋向来宾介绍了学院发展情况，提出开展具体合作的建议，希望高新区的高科技企业能积极推进与互联网学院的合作。,经过深入交流，校企双方一致认为在合肥高新技术产业开发区管委会人事劳动局和人才中心的支持帮助下，校企双方可以在人才培养、科技活动、业界师资、科研项目等方面开展深入合作。校企双方愿意就校企合作的具体落实进一步沟通，形成可行方案，实现双方合作共赢。",学院与合肥高新区联合举办校企合作对接会,http://si.ahu.edu.cn/2019/1126/c9326a214297/page.htm
"通讯员,（文浩、关韵）为贯彻落实学校以学生为中心的工作理念，充分激发学生成长内生动力，引导学生合理规划学业与就业，帮助学生破解发展难题，精准助推学生发展，进一步提高学校人才培养服务质量，学校特组织开展“引领成长，助推发展”学生素质提升专项活动，为学生就业考研等事宜进行专项答疑,。,互联网学院,对于学业指导工作高度重视，广泛动员同学们参与答疑会，并在学院范围内主持召开电子类考研专题指导讲座。,11月14日下午，面向,17级物联网工程和通信工程学生的考研指导讲座于教东325教室举办。本次讲座,由,互联网学院副院长程志友教授,主持，,17级物联网工程和通信工程学生,到场参加,。,讲座开始时，程教授为大家展开分析了安徽大学的保研项目，并对获得保研名额后的,学生,具体行动进行了,细心,指导。会议过程中，程教授向大家讲解了有关考研的一系列问题，就如何选学校，选专业给,予,了,珍贵,的建议。此外，程教授,还,表明学院会尽一切努力帮助大家考研。最后，,讲座,进入了问答环节，同学们提出了许多,关于考研的疑惑,，程教授则用诙谐的语言为大家一一解答,，同学们受益匪浅,。会议过程中，程教授,的幽默风趣,使整个会场处于一种活跃的,氛,围。,此类辅导，,一定程度上为有考研意向的同学指明了方向，使同学们掌握了一定的考研技巧，坚定了考研路上的信心。,此次考研专题指导讲座,为互联网学院考研辅导系列讲座的第一场，后面陆续会开设计算机类、管理类考研辅导。,11月下旬至12月上旬，学校主办的数学、英语专题答疑会也将陆续开展，通过校院两级指导，同学们在对学业与就业的认识上必将有所收获，系列活动对于提升本科生综合素质方面有着重大意义。, ,（责任编辑：李子怡）",强化校院两级指导，提升学生综合素质——学院将陆续举办学生考研就业指导讲座,http://si.ahu.edu.cn/2019/1127/c9326a214341/page.htm
,学院举办2017级人工智能创新英才班出国行前教育会,http://si.ahu.edu.cn/2019/1121/c9326a214062/page.htm
"本网讯,（通讯员：孙冰雨、,赵哲）,11月27日下午,，安徽大学,互联网学院志愿服务队动员大会,在,教东324,顺利,召开。,本次会议由,学院,20,19级,辅导员孟兰,主持，,互联网学院直属党支部副书记,韩斌,以及,全体,受,资助,学生出席此次会议。, ,首先,，孟兰老师强调，,作为新时代的青年大学生,应该,自立自强,，,争优争先，学会,感恩奉献,。在平时的学习与生活中，要不断提高学业成绩，提升品德修养，磨练意志品质，锻炼身心素质。薪火志愿服务队将,不断,提升服务能力，践行“奉献、友爱、互助、进步”的志愿服务精神，并围绕学院人才培养目标，积极做好资助育人的相关工作，为广大受资助同学提供帮助。,接着,，韩斌书记表示，,当代大,学生,最主要的任务,是,将个人前途与国家命运紧密相连，争做新时代的奋斗青年。始终坚定理想信念，树立正确的世界观、人生观与价值观，为国家、民族、社会贡献自己的力量，努力成为德智体美劳全面发展的社会主义建设者与接班人。韩斌书记语重心长地说道，,曾经的困难,并,不能,阻碍迈向未来的脚步,，,能够决定成功与否的,，,永远,掌握在自己手中，希望同学们不忘初心，砥砺前行。,最后,，,志愿服务队队长查可轩,向同学们,展示了,往期,志愿,活动,的,图片,，,充分表达,了,薪火,志愿服务队,“奉献友爱、互助进步”,的,服务理念。同时对在场的同学们提出了殷切希望，党和国家的关爱、社会各界的资助，以及父母亲友的付出,，,帮助同学们圆了大学梦，同学们要有“滴水之恩，当涌泉相报”的感恩之心，,积极,参加社会实践与志愿服务，通过自己的行动来回报社会、成就自我。,薪火,志愿服务队,为实现立德树人的根本任务，将立德树人融入到学生资助工作全过程，并推动互联网学院继续开展志愿者服务，,以,传递人性的真善美,为目标，培育实践精神与感恩意识。通过开展形式多样的,志愿活动,，青年大学生在实践中不断,锻炼,并,提升自己,，,相信今后,也一定,会积极参与,社会,志愿,服务,，,实现立德树人的根本任务。",互联网学院志愿服务队动员大会顺利召开,http://si.ahu.edu.cn/2019/1128/c9326a214482/page.htm
,,http://www.ahu.edu.cn/
"1,1,月,29,日,晚,，合肥工业大学创新创业教育中心副教授,、,《创新创业理论与实践》编辑部主任,汤汇道副教授,应我院和农业生态大数据分析与应用技术国家地方联合工程研究中心邀请,，于,龙河校区,逸夫图书馆第,二,报告厅,作了题为,《区块链：下一代互联网及我们如何应对？》的学术报告,。报告会由互联网学院副院长贾兆红教授主持，学院相关专业方向的师生参加了此次报告会。,面对ABCD时代的发展进步，区块链技术是下一代互联网，即价值互联网，是信任机器，人类将进入编程社会。报告会中，,汤,教授首先,详细介绍了区块链技术发展背景；然后，,阐述了在日新月异的信息时代，,区块链技术,的,政策动向、区块链,+,实体企业、区块链,+,民生、区块链,+智慧城市,、区块链技术,+,政务、区块链技术的,关键研究问题和,区块链技术,的典型应用；,最后,，汤教授,对,区块链做了总结和展望,。,汤,教授,深入浅出的报告,，给互联网学院师生们,勾画,了一,幅区块链,的美好蓝图，引,起,了,与会师生,们,的共鸣，时不时地拿手机拍照或记录关键词,。,报告结束后，,汤,教授耐心细致,地,解答,了台下听众的提问,，并就相关问题与在座师生进行了广泛的交流和深入的探讨。最后，本次学术报告在热烈的掌声中圆满结束。",汤汇道副教授《区块链：下一代互联网及我们如何应对？》学术报告会,http://si.ahu.edu.cn/2019/1202/c9326a214597/page.htm
,,http://si.ahu.edu.cn/xwgg_9326/list.htm
"报告题目：人工智能的现状与未来,报告人, ,：李厚强,教授（,中国科学技术,大学）,报告时间：2019年10月15日（周二）下午 14:30-15:30,报告地点：逸夫图书馆第一报告厅（龙河校区）,报告摘要：人工智能经历了60多年的发展，已经产生了强大的技术，为工业、政府和社会带来了巨大的利益。本报告将介绍人工智能的发展历史、人工智能的发展现状和存在的问题以及人工智能的发展趋势，最后介绍类脑人工智能的发展前景。,欢迎各位老师、同学届时前往！, ,李厚强,个人,简介, ,李厚强，长江学者特聘教授、国家杰青、万人计划领军人才、中国科学技术大学信息科学技术学院副院长、博士生导师。分别于1992、1997和2000年毕业于中国科学技术大学，获学士、硕士和博士学位。现任中国科学技术大学信息科学技术学院副院长，多媒体计算与通信教育部－微软重点实验室主任。长期从事视频编码与通信、计算机视觉与人工智能等方向的研究，发表论文200余篇，获授权发明专利60余项，有45项技术提案被H.264、H.265等视频编码国际标准接受。2015年获国家自然科学二等奖（排名2），2012年获安徽省科学技术一等奖（排名1），2013-2016连续4年获得中科院优秀研究生导师奖,。",李厚强教授学术报告会,http://si.ahu.edu.cn/2019/1012/c14324a210619/page.htm
"本网讯,（通讯员：,金玉婷,、,姜剑阳,）,12月7日下午，安徽大学互联网学院计算机类考研指导会在龙河校区逸夫图书馆第一报告厅举行，本次指导会由互联网学院副院长贾兆红教授主讲，17级计算机科学与技术、软件工程、网络工程、信息安全四个专业的学生参加了此次指导会。,在讲座的开始，贾兆红教授先简要概述了保研和考研两种方式，接下来告诉在场学生在选择考研的学校时应先对自己进行一个合理的评估，再根据自己的专业兴趣及未来就业方向综合地域因素选择适合自己的学校。在讲座的中间穿插着贾兆红教授对如何制定目标和长远计划，以及怎样进行系统地复习和考研流程选取标准的具体阐述。最后贾教授表示，无论是考研还是保研，都要了解足够多的信息，并且可以通过同学和朋友询问所选导师的情况。,在指导会的结尾，贾兆红教授耐心细致地解答了同学们关于考研的疑问。,贾兆红教授关于考研的讲座对同学们大有裨益，让我们认清了未来的努力方向，并让即将参加考研的学子们明白，无论成功的终点有多么耀眼，通向它的道路只有一条，那就是努力。我们都应该明白：奇迹的另一个名字也叫努力。, , ,（责任编辑：蒋理想）",考研指导会专题，计算机类专业指导会顺利进行,http://si.ahu.edu.cn/2019/1209/c9326a215665/page.htm
"报告题目：“互联网+”环境下的社会化制造服务生态大系统的研究机遇,报告人, ,：李,凯, ,教授（,合肥工业,大学）,报告时间：2019年10月15日（周二）,下,午 1,5,:,4,0-1,6,:,4,0,报告地点：逸夫图书馆第,一,报告厅（龙河校区）,报告摘要：新一代信息技术与制造业深度融合，形成了人机物互联互通的社会化制造服务生态系统，引发了制造过程及产品形式的深刻变革，创造了崭新的“互联网+”环境。报告对社会化制造服务生态系统的价值要素关系的基本形式及价值要素使用过程的基本特征进行分析，并对“互联网+”环境下的管理需求和研究机遇进行展望。,欢迎各位老师、同学届时前往！, ,李凯,个人,简介, ,李凯，博士，合肥工业大学教授、博士生导师、管理学院副院长。主要从事优化与决策、运营管理等方面的研究工作。中国运筹学会排序专委会理事、中国系统工程学会智能制造系统工程分会学术委员会委员、中国系统工程学会可持续运营与管理系统分会常务理事、中国优选法统筹法与经济数学研究会复杂装备研制管理分会常务理事、过程优化与智能决策教育部重点实验室学术委员会委员。曾先后在美国新泽西理工学院、新西兰奥克兰大学进行合作研究。先后主持国家自然科学基金项目3项，作为骨干成员参与国家自然科学基金项目创新研究群体、国家自然科学基金重大项目、国家863重点项目等多项大型科研课题。,截止目前，已在国内外学术期刊上发表论文70余篇，其中SCI收录近40篇；,出版专著1部。获得高等学校科学研究优秀成果奖自然科学奖和人文社科奖二等奖各1项。参与制定已发布国家标准3项、团体标准10项。",李凯教授学术报告会,http://si.ahu.edu.cn/2019/1014/c14324a210728/page.htm
"时间：2019年10月30日  14:30——17:30,地点：安徽大学龙河校区逸夫楼图书馆第一报告厅,主题：,大学生创新创业实践方法,典型示范：金奖项目路演,圆桌分享：以赛促学经验分享,嘉宾：,宋红彪,全国优秀创新创业导师,56钡互联网+创业学院总经理,中国高校创新创业孵化器联盟专家委员,国家互联网数据中心产业技术创新战略联盟理事,中国技术创业协会创新创业专委会副主任,傅兆吉,中国科学技术大学博士，人工智能心电医师CEO，第五届“互联网+”大学生创新创业大赛国赛金奖。,凌训延,合肥工业大学优秀毕业生，食家侦探CEO，第五届“互联网+”大学生创新创业大赛安徽省金奖。,余健,曾作为产品经理在百度负责多款产品设计工作，在科大讯飞负责个区校项目方案咨询以及项目交付管理等工作，对B端用户和项目交付丰富的实践经验。现作为智蓝清扬公司教研、方案咨询负责人，负责公司课程产品体系搭建以及方案咨询等工作。,周家豪,2015年签约白眉工作室,2016签约橙子映像为电影演员，代表作品：电影《银河补习班》，话剧《分娩大师》、《窗子朝向田野的房子》、《动物园的故事》，创业经历：2016年创立重庆哪吒艺术学校，2017年创立少儿戏剧品牌嘚哈Daily Art。,讲座海报.pdf",【讲座通知】安徽大学新徽商大讲堂第47讲,http://si.ahu.edu.cn/2019/1028/c14324a212043/page.htm
"报告题目：人工智能与智慧农业,报告人：赵春江,院士（国家农业信息化工程技术研究中心）,报告时间：2019年11月11日（周一）下午15:00-16:00,报告地点：逸夫图书馆第一报告厅（龙河校区）,报告,摘要：,随着现代信息技术在农业领域的广泛应用，农业的第三次革命——农业智能革命已经到来。农业智能革命的核心要素是信息、装备和智能，其表现形态就是智慧农业。智慧农业是以信息和知识为核心要素，互联网、物联网、大数据、云计算、人工智能等现代信息技术与农业深度融合，,可以,实现全新的农业生产方式，是农业信息化发展从数字化到网络化再到智能化的高级阶段,，,对农业发展具有里程碑意义,。, ,欢迎各位老师、同学届时前往！,赵春江,个人,简介",赵春江院士学术报告会,http://si.ahu.edu.cn/2019/1109/c14324a213124/page.htm
"报告题目：,区块链：下一代互联网及我们如何应对？,报 告 人,：,汤汇道,副教授（合肥工业大学）,报告时间,：,2019,年,11,月29日（周五）下午,18:30-20:30,报告地点：,逸夫图书馆第二报告厅（龙河校区）,报告摘要：,面对ABCD时代的发展进步，区块链技术是下一代互联网，即价值互联网，是信任机器，人类将进入编程社会。这些是必然出现的，还是昙花一现？我们准备好了吗？,欢迎各位老师、同学届时前往！,汤汇道,个人,简介,汤汇道，男，安徽无为人，中共党员，现任合肥工业大学创新创业教育中心副教授，合肥工业大学《创新创业理论与实践》编辑部主任。从事创新创业教育,12年，2017年入选教育部全国首批万名优秀创业导师。兼任合肥工业大学、安徽大学、安徽师范大学，安徽财经大学等院校和多家机构兼职创业导师。市场调研专家、天使投资人。近年来在合肥工业大学、安徽大学、安徽财经大学、东南大学、江苏大学及安徽省经信厅、合肥海关、安徽中烟、中科院合肥创新院等机构做区块链授课和分享近20场次。2018年创办安徽首届区块链创投班。目前致力于区块链技术的人才培养、项目孵化和天使投资。,电话：13965068271   QQ:929808385  邮箱：,tanghuidao@hfut.edu.cn",汤汇道副教授学术报告会,http://si.ahu.edu.cn/2019/1126/c14324a214257/page.htm
"各团支部：,为,开展类型多样的课外学术科技活动，提升学生专业学习兴趣，培养学生创新创业意识，提高学生实践动手能力，完善学生综合素质，推动广大同学在各类学术科技比赛中取得好成绩，学院决定成立课外学术科技兴趣小组，,现将有关事项通知如下。,一、项目人数,项目名称,人数,备注,数学建模兴趣小组,40,开始报名,电子设计兴趣小组,40,开始报名,航模设计兴趣小组,40,预报名,机器人设计兴趣小组,40,预报名,程序设计兴趣小组,40,预报名, ,二、,报名条件,1、,学习态度端正，刻苦努力，能认真完成学习任务；,2、,学习成绩良好，考试无挂科，学有余力；,3、,身心健康。,三、,报名选拔,1、,有意参加的2017.2018.2019级同学填写《互联网学院课外学术科技兴趣小组报名表》，于11月4日前交至团总支科创服务中心。每位同学申报时可选填两个项目，但最终只能参与其中一项。,2、,学院于11月8日前组织选拔，确定入选名单。,3、,各兴趣小组每年十月组织面向新生的选拔。,三、组织管理,1、,学院聘请专业师资对各兴趣小组开展课外指导、教学和培训。,2、,学院对各兴趣小组所需的设备、场地、经费予以支持。,3、,学院鼓励各兴趣小组组队参加高级别学术科技比赛。,4、,学院团总支及科创服务中心负责组织指导管理各兴趣小组。,5、,兴趣小组采取动态管理，如同学发生挂科情况，则暂停兴趣小组相关任务。,负责联系人：科创服务中心汤至哲13339110388, ,特此通知。,                              ,互联网学院团总支,                                    2019年10月30日",关于成立课外学术科技兴趣小组的通知,http://si.ahu.edu.cn/2019/1030/c14324a212382/page.htm
"1、大学本科及以上学历，专业不限；,2、40周岁以下（1979年1月1日以后出生）；,3、具有较强的文字写作能力、组织协调能力和语言表达能力；,4、,公示拟录用人员名单。对经过考核录用人员进行5天公示。,5、,体检及签订就业协议。对拟录用人员公示无异议后，应聘人员须参加体检，体检合格后派遣公司与应聘人员签订就业协议。",安徽大学互联网学院行政秘书岗位招聘公告,http://si.ahu.edu.cn/2019/1203/c14324a214732/page.htm
"报告题目：,探秘无人机, ,共筑蓝天梦,报告,人：张东升,教授（,陆军炮兵防空兵学院,）,报告时间：,2019,年,12,月,18,日（周三）下午,14:30-16:30,报告地点：逸夫图书馆第一报告厅（龙河校区）,报告,摘要：,无人机技术的发展越发快速，在各个领域都有着广泛的应用，是现代社会无法忽视的一个强大助力。本报告将介绍无人机的发展历史、无人机的应用和飞行员执照考核情况，最后介绍从飞行培养大学生学习无人机的兴趣。,欢迎各位老师、同学届时前往！,张东升,个人,简介, ,张东升，中国人民解放军陆军炮兵防空兵学院飞行训练教研室主任、教授；,2008年担任奥运安保科研攻关项目副总设计师，获奥运安保奖章。2009年负责“中国自主创新要素对接会”无人机科技成果展。2015年所带领的“无人飞行器技术训练中心教学团队”被安徽省教育厅评为省级质量工程项目教学团队。2017年担任第13届全运会解放军航模队领队兼教练。先后获得军队科技进步一等奖1项，二等奖2项，三等奖多项；获国家发明专利2项；撰写2项无人机维修标准，由原总装备部颁布；1项无人机科研设备完成转产。负责的,“,建设国家级航模训练基地，培养大学生创新实践能力,”,研究成果获2012年安徽省教学成果一等奖。个人获首届全军科普讲解大赛第14名等。",张东升教授学术报告会,http://si.ahu.edu.cn/2019/1214/c14324a215945/page.htm
,,http://si.ahu.edu.cn/tzgg/list.htm
,,http://gjc.ahu.edu.cn/
,,http://si.ahu.edu.cn/15480/list.htm
,,http://si.ahu.edu.cn/znkxydsjjsx/list.htm
,,http://si.ahu.edu.cn/15494/list.htm
,,http://si.ahu.edu.cn/15481/list.htm
,,http://si.ahu.edu.cn/15190/list.htm
,,http://si.ahu.edu.cn/15482/list.htm
,,http://si.ahu.edu.cn/tzgg/list2.htm
"本网讯,（通讯员 ,孙冰雨、叶瑱）2019年10月1日上午，,庆祝中华人民共和国成立70周年大会,在北京天安门广场举行。,互联网学院,组织师生准时收看大会实况。,在龙河校区,教学主楼,教中308,，,学院直属党支部副书记韩斌,及王力强、,宋航,、,冯雅晴,、,王钢,等老师，与,学院,留校,团学骨干,、学生党员一起，集中收看庆祝大会。,庆祝大会结束后,，,韩斌老师表示：“七十年栉风沐雨、七十年砥砺奋斗、七十年沧桑巨变。在伟大的中国共产党带领下，伟大的中国人民和中华民族实现了从站起来到富起来到强起来的历史性飞跃，无数革命先烈为之奋斗牺牲的可爱中国已经实现，新时代的征程业已启航，我们要为实现“两个一百年”奋斗目标、实现中华民族伟大复兴的中国梦接续奋斗！”,宋航老师说：“,这次阅兵仪式感触很大，感觉自己的国家国富兵强，非常的骄傲，从战士,们,整齐的方阵看出我国的军队训练有素，从他们坚定的眼神中，看出不怕困难，敢为人先的精神，从小学生到大学生，从劳动人民到科技工作者，每一个中国人都流露对祖国的热爱和期盼，作为一名老师，更要做好大学生的引路人！在日常教育中，更加注重学生的全面发展和爱国情操，为社会为国家输送更多有用的人才。,”,杨志成,同学是一名预备党员。他,在看完直播后感触深刻：“,我感到很激动，看到人民生活和社会如此巨大的变化，感觉到了我们国家发展的迅速以及发展的质量,！”, ,除了集中,收看,之外，互联网学院各班级未返校同学也在宿舍,积极收看庆祝中华人民共和国成立70周年大会。辅导员郭巧、孟兰老师也前往宿舍与同学们一起收看。,辅导员孟兰老师表示，与同学们一起收看很有意义，回首70年光辉历程，我们无比骄傲、无比自豪；展望未来美好前景，我们信心满怀、步履坚定。我们要更加紧密地团结在以习近平同志为核心的党中央周围，万众一心、团结拼搏，为实现中华民族伟大复兴的中国梦贡献自己的一份力量，努力做好自己的本职工作，培养德智体美劳全面发展的社会主义的建设者与接班人。,观看完阅兵仪式后，各位老师与同学们也是感慨万千。,学院教师党员庞登浩就在党员,QQ群分享了自己的感慨：,“,70响礼炮轰鸣象征着新中国70载春华秋实。56门礼炮象征着56个民族大家庭。两侧各排28门，28代表中国共产党从1921年到1949年走过的28年奋斗历程。从人民英雄纪念碑到国旗杆，国旗护卫队踏出的168步正步，象征着中华人民共和国成立70周年和中国共产党建党98周年。徒步方队15个、装备方队32个、空中梯队12个以及由约10万名群众、70组彩车组成的36个方阵和3个情境式普天同庆国庆70周年，让我们感动不已，也给我们留下了很多思考，只有自强、自立，我们中华民族才能自立于世界民族之林。祝福祖国繁荣昌盛，国泰民安！,”,“,从1949到2019，这场庆祝活动看到了祖国的富强，骄傲之情油然而生，中华人民从贫困走向小康，从弱国无外交到屹立于世界大国行列，原子弹的成功、卫星发射、神州、蛟龙号、天宫、嫦娥一步步见证了中国科技的创新，中国这70年里，新中国焕然一新，科技不断创新，改革开放不断深入。作为当代大学生，我不禁反思自己能为祖国的发展带来什么，我想，目前我要努力学习科学文化知识，并将自己投身于祖国的建设之中，为祖国的发展注入一小股力量，全体中华儿女的共同奋斗便铸就祖国的繁荣富强！,”,2016级学生党员王凯的言语中充满着自豪与期待。,组织师生收看庆祝大会实况只是互联网学院开展爱国主义教育的一项活动，学,院将以,此,为契机，,继续加强,爱国主义教育,。接下来，学院将,整理相关学习资料,和,理论,文章下发至各团支部,供,同学们,学习，,组织,开展线下学习研讨会、主题团日活动等专题教育活动,，并将,学习活动的成果在线上多平台宣传分享，,在学院,营造,出热爱祖国、,奋发学习,、勇担使命,的良好氛围。",为祖国喝彩，抒发爱国情怀   为人民奋斗，勇担青年使命,http://si.ahu.edu.cn/2019/1002/c9326a210137/page.htm
,,http://si.ahu.edu.cn/xwgg_9326/list7.htm
,,http://si.ahu.edu.cn/xwgg_9326/list2.htm
"2019年10月14日下午，国家杰青、合肥工业大学博士生导师、计算机与信息学院院长汪萌教授应我院和农业生态大数据分析与应用技术国家地方联合工程研究中心邀请，于逸夫图书馆第一报告厅作了题为“动态长时手语视频翻译研究进展”的学术报告。报告由互联网学院副院长贾兆红教授主持，互联网学院相关专业方向的师生参加了此次报告会。,在报告中，汪萌教授从简单的手势和手语及其应用场景讲起，介绍并分析了手语视频翻译的研究现状、数据集和部分算法进展，包括基于HMM的算法框架、基于编码-解码的深度学习的算法框架、基于级联时序分类的算法框架等。,整场报告会图文并茂，内容丰富，使师生们对动态长时视频手语翻译的研究有了一定的了解和认识。报告结束后，在场师生积极提问，汪萌教授逐一给予了耐心细致解答，并就相关问题与在座师生进行了广泛的交流和深入的探讨。最后，本次学术报告在热烈的掌声中圆满结束。, , ,汪萌教授简介：,汪萌，国家杰青，合肥工业大学教授、博士生导师、计算机与信息学院院长。主要研究方向为多媒体信息处理、模式识别。在其研究领域发表论文200余篇，被引用11000余次，H-因子为56。入选科睿唯安2016、2017、2018年度“Highly-Cited Researchers”。担任IEEE TKDE、IEEE TCSVT、IEEE TNNLS、IEEE TMM等期刊编委。获得国家杰出青年科学基金及优秀青年科学基金资助、获国家自然科学二等奖1项、安徽省自然科学一等奖1项、教育部自然科学二等奖2项。",汪萌教授来我院进行学术报告,http://si.ahu.edu.cn/2019/1016/c9326a210877/page.htm
,,http://si.ahu.edu.cn/tzgg/list3.htm
,学院直属党支部召开校第八次党代会2017年年会专题学习会,http://si.ahu.edu.cn/2018/0108/c15490a186808/page.psp
,学院入党积极分子观看讨论《不忘初心 继续前进》专题记录片,http://si.ahu.edu.cn/2018/0116/c15490a186805/page.psp
"按照《安徽大学本科“英才班”拔尖创新人才培养实施方案》及《201,9,年“人工智能创新英才班”选拔办法》的相关要求，201,9,年人工智能创新英才班选拔笔试于,2019年7月5日举行，依据笔试结果,现将面试的相关事宜通知如下：, ,一、,面试时间及考场,1、面试时间：2019年7月6日 09:00；,  2、面试考场：龙河校区主教学楼三楼教中304、教中306、教中307室；,  3、请所有参加面试考生携带,本人身份证、学生证,于2019年7月6日 ,08:30,至龙河校区,主教学楼三楼教中308室,集合，,抽签确定面试考场及面试顺序,。, ,  ,二、面试程序,1、英语自我介绍（不超过三分钟）；,2、专家组成员以提问的方式对考生进行面试（不超过五分钟）；,3、面试专家组成员依据考生面试表现当场记名评分，每位考生的面试得分为专家组所有成员记名评分的平均分（消除组间偏差后），满分为100分。, , ,三、进入面试学生名单,序号,学号,姓名,1,Y01814052,赵辰喆,2,Y01814057,张凯,3,Y01814060,吴昌广,4,Y01814097,吴少昱,5,Y01814125,任乾坤,6,Y01814163,赵小漫,7,Y01814208,徐岳,8,Y01814211,陈诺,9,Y01814226,江皓朗,10,Y01814240,姜尚,11,Y01814242,翟文斌,12,Y01814251,汪涵,13,Y01814254,程智勇,14,Y01814266,杨帆,15,Y01814274,程祥勇,16,Y01814280,尚云青,17,Y01814286,胡凯,18,Y01814312,赵凯,19,Y01814369,韩世晨,20,Y01814398,陶思雨,21,Y01814436,余浩翔,22,Y01814446,宣安,23,Y01814469,陈晨,24,Y01814508,郭传旺,25,Y01814521,卫文章,26,Y01814533,周家亮, ,互联网学院,2019年7月5日", 关于2019年人工智能创新英才班选拔面试的通知,http://si.ahu.edu.cn/2019/0705/c14324a205416/page.htm
"根据《国务院关于印发统筹推进世界一流大学和一流学科建设总体方案的通知》（国发〔2015,〕,64,号）、《安徽大学综合改革方案（,2015-2020,年）》（校党字〔,2016,〕,65,号）和《安徽大学一流学科建设高校建设方案》、《安徽大学本科,“,英才班,”,培养实施方案》，,为切实推进人才培养与学科建设的紧密融合，提升学校本科拔尖创新人才培养质量，服务国家“一带一路”战略，,根据学校要求，,特制订安徽大学2019,人工智能创新英才班,第二批,选拔,方案,。,一、,培养目标,实施科教协同育人战略，强化学科交叉培养、跨界培养、国际化培养和工程实践技能培养，造就一批具有跨学科知识、突出的创新精神和工程实践能力、宽阔的国际视野、持久的研究性学习能力和核心竞争力的科学与工程领域高层次拔尖创新人才。,二、培养措施,“人工智能创新英才班”培养方案由互联网学院结合学校“物质科学与信息技术一流学科”建设，参照物联网工程专业（人工智能,+,物联网工程）培养方案的相关要求，与国内知名企业共同研究制订。方案注重在课程设置、教学安排等环节中体现培养“研究型人才”的培养目标，课程体系设置体现培养学生扎实的专业基础知识、良好的创新意识和实践能力，为学生的进一步发展打下坚实的基础。,“人工智能创新英才班”坚持英才教育模式，配备优质的教育资源，选派一流学科的优秀师资，实施全程导师制，实现校院、校企协同育人。,“人工智能创新英才班”开展国际化培养，在英才班中选拔专业成绩优秀、并通过法语,B1,水平考试的学生赴法国等国家高校进行,6-12,个月的学习和交流。,“人工智能创新英才班”实施动态调整机制，年度考核不合格、赴法国学习前未通过法语,B1,水平考试的学生调整到互联网学院物联网工程专业学习。,“人工智能创新英才班”单独编班，由互联网学院进行管理，聘请著名学者出任首席教授，由学院主要负责人或分管教学工作负责人担任班主任，并实行导师制。学生奖学金评定和推免生等事宜按学校有关文件执行。,“人工智能创新英才班”学生修满培养方案规定学分，符合学校学位授予要求的，授予物联网工程专业学士学位。,     三、学生选拔,（一）,选拔人数, 2019,年,第二批,“人工智能创新英才班” 选拔人数为,21,人，进入物联网工程（人工智能+,物联网工程）专业学习，在龙河校区培养。,（二）,选拔对象,面向,全校2018,级在校本科生（文典学院、艺术学院除外）。,（三）,选拔方式,自愿报名，互联网学院组织专家组进行考试和面试考核。,（四）,选拔条件,1,、热爱祖国，遵守宪法和法律，遵循党的基本路线，具有坚定的政治方向，认真学习习近平新时代中国特色社会主义思想，积极投身新时代中国特色社会主义的伟大实践。,2,、在校期间品行表现良好，无任何违纪违规记录。,3,、学习刻苦认真，,无课程考试不及格，,大学英语成绩良好，获得高等数学（A,）、大学物理学分。,4,、积极参加体育锻炼和文娱活动，身心健康。,（五）选拔流程,1,、,报名时间：, ,7,月,11,日—,13,日（,12:00,）,2,、报名方式：通过教务系统按照报名条件自愿报名。,3,、咨询电话：,65108582,。,4、报名表：请带到考试现场。,5、2019年7月,14日，互联网学院对报名同学进行资格初审，向符合报名条件的学生发放准考证。考试、面试相关安排见互联网学院网站通知。,6、2019年7月,15日组织进行考试；考试科目为《英语》、《高等数学》、《高级语言程序设计》，每科目成绩为100分；雅思考试6分以上、托福考试90分以上者，英语笔试免试。《英语》、《高等数学》科目考试为笔试，时间安排在7月,15日上午；《高级语言程序设计》科目考试为C语言上机考试，时间安排在7月,15日下午。,7、2019年7月,16日上午进行面试。面试学生人数根据考试成绩按1:1.5的比例从高分到低分择优确定，面试名单在互联网学院公布。,8、2019年7月,17日完成选拔工作，选拔结果名单在教务处主页和互联网学院主页等处公示。, ,安徽大学互联网学院,                  2019年7月10日,2019,年人工智能创新英才班报名表, ,姓名, ,学号, ,性别, ,民族, ,照片,出生年月, ,籍贯, ,手机号, ,QQ,号, ,所在院系专业, ,家庭住址, ,特长爱好, ,第一学年,平均学分绩点, ,学习经历, ,获奖评优,情况, ,参加文体,活动情况, ,参加社会,实践情况, ",2019年“人工智能创新英才班”第二批选拔方案,http://si.ahu.edu.cn/2019/0710/c14324a205755/page.htm
"关于资助本院教师参加教学会议的通知,（试行）,为了提升我院的教学水平，鼓励教学一线的优秀教师和辅导员走出去，积极参加国内重要的教研会议，和其他高校教师交流先进的教育理念、教学方法、教学手段、学生管理方法。因此，我院决定资助教师和辅导员参加国内召开的重要教学会议。同时，为了促进我院教学过程管理，逐步完善教学管理的相关资料，要求各位教职工参会需要提交相关资料备案。现就具体事项说明如下：,1. ,资助内容,用于资助参加教学会议发生的会务费、差旅费、住宿费等费用。原则上学院每年资助每位教师参会的次数不超过两次，特殊情况另行研究。,2. ,教师参会及报销流程,（1） ,教师根据个人教学需求，填写参加本专业相关的教学会议的申请表（见附件一），经由系主任审核后，报分管副院长审批；（注：目前杨勇副院长分管实验和实验室建设，程志友副院长分管教学方面，贾兆红副院长分管科技活动）,（2） ,各系主任根据本系及学院的教学情况，审核本系教师的参会申请表，并登记本系教学会议参会情况登记表（见附件三），并在每学年将教学会议参会情况登记表报院教学办备案；,（3） ,会议结束后，每个系组织教学会议经验交流会，并推荐若干名优秀人员在全院大会交流；,（4） ,经费报销。教师到院教学办确认教学会议参会情况登记表并提交会议通知、参会资料，然后由教学秘书签字预审核；再分别经分管副院长审核，学院财务负责人签字审批核准后，到财务处报销。,3. ,会议成果,（1） ,教学会议参会情况登记表,该表登记每位参会教师所参加会议的名称、起止日期、地点、会务费、差旅费，以及电子版的会议通知。,（2） ,教学会议参会报告,参会后，每个系组织参会人员交流参会心得，并推荐若干名优秀人员在全院大会交流。,   以上会议成果均需提交电子版与纸质版提交教学办备案。,4. ,辅导员参会,辅导员参会前需填写申请表（见附件二），经分管副书记审批后方可参会。报销时，由分管副书记审核，学院财务负责人签字审批核准后报销。其他事项均参照本通知执行。, 特此通知,互联网学院 ",关于资助本院教师参加教学会议的通知,http://si.ahu.edu.cn/2019/0805/c14324a206456/page.htm
"直属党支部副书记,韩斌：13514977676  （分管学院学生工作）,2019级新生辅导员王钢：18019900139,2019级新生辅导员孟兰：18326169916",学院副书记及2019级新生辅导员联系方式,http://si.ahu.edu.cn/2019/0831/c14324a207084/page.htm
,关于互联网学院2020届本科毕业生推荐免试硕士研究生工作的通知,http://si.ahu.edu.cn/2019/0908/c14324a208276/page.htm
,互联网学院2020年全日制专业学位硕士研究生招生专业目录,http://si.ahu.edu.cn/2019/0909/c14324a208328/page.htm
,互联网学院2020年推荐优秀应届本科毕业生免试攻读硕士学位研究生名单公示,http://si.ahu.edu.cn/2019/0910/c14324a208388/page.htm
"本网讯, ,（通讯员：程洁莹 ,关韵）,10月17日下午4:20，“三好杯”篮球赛女子八强排位赛在安徽大学磬苑区北体篮球场拉开序幕。本次比赛由互联网学院对战计算机科学与技术学院。最终我院遗憾输掉了本场比赛。,前半场比赛，我院选手们在领队的指导下有条不紊地向对方队员展开攻势，经历过激烈的前半场比赛后，虽比分稍稍落后，体力有所削减，但选手们依旧保持着良好的精神状态迎接下半场比赛。伴随着哨声的响起,下半场比赛开始了，现场的气氛极具攀升,狭路相逢勇者胜，双方很快又进入了激烈的角逐。我院选手调整战术争分夺秒把握进球机会，紧盯篮球，灵活运球，缩小了比分差距。可以看得出她们奋力拼搏想要为我院争光的强烈决心。尽管最后我院选手惜败，但她们在赛场上齐心协力，坚持不懈的精神却值得我们敬畏和学习。,此次比赛，对方选手实力雄厚，我院选手却不惧强敌，尽自己最大的努力发挥出最好的状态。下一场将是最终的决胜局，愿我院选手可以在赛场上赛出风格，赛出成果，取得属于你们的辉煌！, ,（责任编辑：蒋理想）",【三好杯篮球赛】奋发进取，八强排位赛我院女篮惜败,http://si.ahu.edu.cn/2019/1021/c15190a211221/page.htm
,,http://si.ahu.edu.cn/15190/list6.htm
,,http://si.ahu.edu.cn/15190/list2.htm
"本网讯, ,（通讯员：吴一凡 ,朱奥运）,10月16日下午4点20,, ,“三好杯”,女子篮球赛在安徽大学磬苑校区北体篮球场举行，本场比赛由互联网学院对阵社会与政治学院。最终我院以一分之差惜败于社会与政治学院。,哨声响起，比赛开始，我院女篮势如破竹，率先拿到两分，第一节结束我院以4：0大比分领先。接下来的比赛中，对手吸取上节教训，展开猛烈攻势，选手们你追我赶，热情不减。比赛越来越激烈，我院女篮出彩的表现不断为我方拿分，对方也不甘示弱，比分焦灼攀升。最后一节，比赛进入白热化阶段，我方以三分之差略逊于对手，为了最终胜利，我方不敢稍懈怠，不放弃每一次得分的机会。时间趋向终止，最终被对方拿下一球，我院以14：15一分之差惜败。,我院女篮虽然惜败于社会与政治学院，但是她们打出了巾帼不让须眉的竞技态度，也展现了互联网学院良好的精神风貌，经过此场比赛双方选手建立更深的友谊。相信我院选手会重整旗鼓，期待他们在下次比赛取得更好成绩。, ,（责任编辑：蒋理想）",【三好杯篮球赛】一步之遥，我院女篮憾负社政学院,http://si.ahu.edu.cn/2019/1021/c15190a211218/page.htm
,,http://si.ahu.edu.cn/2019/0704/c14324a205234/page.psp
周杨，毕业于安徽大学历史系，历史学学士学位，互联网学院思政辅导员，学院工会宣传委员，负责学生日常管理、思想政治教育与新闻宣传工作。,周杨,http://si.ahu.edu.cn/2019/0815/c15482a206637/page.htm
孟兰，毕业于安徽大学文学院，汉语国际教育硕士学位，互联网学院思政辅导员，负责协助学生资助教育管理与志愿服务。,孟兰,http://si.ahu.edu.cn/2019/0815/c15482a206638/page.htm
"宋航，,毕业于安徽大学物理学院，工学学士学位，国家二级心理咨询师，互联网学院思政辅导员，学院团委老师，负责学院团委工作。",宋航,http://si.ahu.edu.cn/2019/0815/c15482a206639/page.htm
